time, dry1, wett1, dry2, wett2, sensor1, sensor2, averageinprocent, moisturestartprocent, starthour, endhour, temperature, jobcounter, maxjobs, wateringduration, pauzeduration, lastwateringtime, ValveStatus, watergifttimer, pauzetimer, outputread,
11:29:38,795,435,795,435,84,88,0,30,9,21,23.00,0,8,60,1,,0,0,0,0,
11:29:39,795,435,795,435,84,86,86,30,9,21,23.00,0,8,60,1,,0,0,0,0,
11:29:40,795,435,795,435,83,85,85,30,9,21,23.00,0,8,60,1,,0,0,0,0,
11:29:41,795,435,795,435,83,84,84,30,9,21,23.00,0,8,60,1,,0,0,0,0,
11:29:42,795,435,795,435,83,84,83,30,9,21,23.00,0,8,60,1,,0,0,0,0,
11:29:43,795,435,795,435,83,84,83,30,9,21,23.00,0,8,60,1,,0,0,0,0,
11:29:44,795,435,795,435,83,84,83,30,9,21,23.00,0,8,60,1,,0,0,0,0,
11:29:45,795,435,795,435,41,43,83,30,9,21,23.00,0,8,60,1,,0,0,0,0,
11:29:46,795,435,795,435,19,21,42,30,9,21,23.00,0,8,60,1,,0,0,0,0,
11:29:47,795,435,795,435,15,17,20,30,9,21,23.00,1,8,60,1,11:29:46,1,59,60,1,
11:29:48,795,435,795,435,13,15,16,30,9,21,23.00,1,8,60,1,11:29:46,1,58,60,1,
11:29:49,795,435,795,435,81,83,14,30,9,21,23.00,1,8,60,1,11:29:46,1,57,60,1,
11:29:50,795,435,795,435,81,83,82,30,9,21,23.00,1,8,60,1,11:29:46,1,56,60,1,
11:29:51,795,435,795,435,81,83,82,30,9,21,23.00,1,8,60,1,11:29:46,1,55,60,1,
11:29:52,795,435,795,435,81,83,82,30,9,21,23.00,1,8,60,1,11:29:46,1,54,60,1,
11:29:53,795,435,795,435,81,83,82,30,9,21,23.00,1,8,60,1,11:29:46,1,53,60,1,
11:29:54,795,435,795,435,81,83,82,30,9,21,23.00,1,8,60,1,11:29:46,1,52,60,1,
11:29:55,795,435,795,435,81,83,82,30,9,21,23.00,1,8,60,1,11:29:46,1,51,60,1,
11:29:56,795,435,795,435,81,83,82,30,9,21,23.25,1,8,60,1,11:29:46,1,50,60,1,
11:29:57,795,435,795,435,81,83,82,30,9,21,23.00,1,8,60,1,11:29:46,1,49,60,1,
11:29:58,795,435,795,435,81,83,82,30,9,21,23.00,1,8,60,1,11:29:46,1,48,60,1,
11:29:59,795,435,795,435,81,83,82,30,9,21,23.00,1,8,60,1,11:29:46,1,47,60,1,
11:30:00,795,435,795,435,81,83,82,30,9,21,23.00,1,8,60,1,11:29:46,1,46,60,1,
11:30:01,795,435,795,435,81,83,82,30,9,21,23.00,1,8,60,1,11:29:46,1,45,60,1,
11:30:02,795,435,795,435,81,83,82,30,9,21,23.00,1,8,60,1,11:29:46,1,44,60,1,
11:30:03,795,435,795,435,83,85,82,30,9,21,23.00,1,8,60,1,11:29:46,1,43,60,1,
11:30:04,795,435,795,435,83,86,84,30,9,21,23.00,1,8,60,1,11:29:46,1,42,60,1,
11:30:05,795,435,795,435,82,84,84,30,9,21,23.00,1,8,60,1,11:29:46,1,41,60,1,
11:30:06,795,435,795,435,95,96,83,30,9,21,23.00,1,8,60,1,11:29:46,1,40,60,1,
11:30:07,795,435,795,435,95,96,95,30,9,21,23.00,1,8,60,1,11:29:46,1,39,60,1,
11:30:08,795,435,795,435,81,83,95,30,9,21,23.00,1,8,60,1,11:29:46,1,38,60,1,
11:30:09,795,435,795,435,82,83,82,30,9,21,23.00,1,8,60,1,11:29:46,1,37,60,1,
11:30:10,795,435,795,435,81,83,82,30,9,21,23.00,1,8,60,1,11:29:46,1,36,60,1,
11:30:11,795,435,795,435,81,83,82,30,9,21,23.00,1,8,60,1,11:29:46,1,35,60,1,
11:30:12,795,435,795,435,81,83,82,30,9,21,23.00,1,8,60,1,11:29:46,1,34,60,1,
11:30:13,795,435,795,435,81,83,82,30,9,21,23.00,1,8,60,1,11:29:46,1,33,60,1,
11:30:14,795,435,795,435,81,83,82,30,9,21,23.00,1,8,60,1,11:29:46,1,32,60,1,
11:30:15,795,435,795,435,81,83,82,30,9,21,23.00,1,8,60,1,11:29:46,1,31,60,1,
11:30:16,795,435,795,435,81,83,82,30,9,21,23.00,1,8,60,1,11:29:46,1,30,60,1,
11:30:17,795,435,795,435,81,83,82,30,9,21,23.25,1,8,60,1,11:29:46,1,29,60,1,
11:30:18,795,435,795,435,81,83,82,30,9,21,23.25,1,8,60,1,11:29:46,1,28,60,1,
11:30:19,795,435,795,435,81,83,82,30,9,21,23.00,1,8,60,1,11:29:46,1,27,60,1,
11:30:20,795,435,795,435,81,83,82,30,9,21,23.00,1,8,60,1,11:29:46,1,26,60,1,
11:30:21,795,435,795,435,81,83,82,30,9,21,23.25,1,8,60,1,11:29:46,1,25,60,1,
11:30:22,795,435,795,435,82,83,82,30,9,21,23.00,1,8,60,1,11:29:46,1,24,60,1,
11:30:23,795,435,795,435,95,96,82,30,9,21,23.00,1,8,60,1,11:29:46,1,23,60,1,
11:30:24,795,435,795,435,82,83,95,30,9,21,23.00,1,8,60,1,11:29:46,1,22,60,1,
11:30:25,795,435,795,435,95,96,82,30,9,21,23.00,1,8,60,1,11:29:46,1,21,60,1,
11:30:26,795,435,795,435,95,96,95,30,9,21,23.25,1,8,60,1,11:29:46,1,20,60,1,
11:30:27,795,435,795,435,81,83,95,30,9,21,23.00,1,8,60,1,11:29:46,1,19,60,1,
11:30:28,795,435,795,435,81,83,82,30,9,21,23.00,1,8,60,1,11:29:46,1,18,60,1,
11:30:29,795,435,795,435,81,83,82,30,9,21,23.00,1,8,60,1,11:29:46,1,17,60,1,
11:30:30,795,435,795,435,81,83,82,30,9,21,23.00,1,8,60,1,11:29:46,1,16,60,1,
11:30:31,795,435,795,435,81,83,82,30,9,21,23.00,1,8,60,1,11:29:46,1,15,60,1,
11:30:32,795,435,795,435,81,83,82,30,9,21,23.00,1,8,60,1,11:29:46,1,14,60,1,
11:30:33,795,435,795,435,82,83,82,30,9,21,23.25,1,8,60,1,11:29:46,1,13,60,1,
11:30:34,795,435,795,435,81,83,82,30,9,21,23.00,1,8,60,1,11:29:46,1,12,60,1,
11:30:35,795,435,795,435,81,83,82,30,9,21,23.25,1,8,60,1,11:29:46,1,11,60,1,
11:30:36,795,435,795,435,81,83,82,30,9,21,23.25,1,8,60,1,11:29:46,1,11,60,1,
11:30:37,795,435,795,435,82,83,82,30,9,21,23.25,1,8,60,1,11:29:46,1,9,60,1,
11:30:38,795,435,795,435,82,83,82,30,9,21,23.00,1,8,60,1,11:29:46,1,8,60,1,
11:30:39,795,435,795,435,95,96,82,30,9,21,23.00,1,8,60,1,11:29:46,1,8,60,1,
11:30:40,795,435,795,435,95,96,95,30,9,21,23.25,1,8,60,1,11:29:46,1,7,60,1,
11:30:41,795,435,795,435,95,96,95,30,9,21,23.25,1,8,60,1,11:29:46,1,5,60,1,
11:30:42,795,435,795,435,95,96,95,30,9,21,23.25,1,8,60,1,11:29:46,1,4,60,1,
11:30:43,795,435,795,435,95,96,95,30,9,21,23.00,1,8,60,1,11:29:46,1,4,60,1,
11:30:44,795,435,795,435,95,96,95,30,9,21,23.25,1,8,60,1,11:29:46,1,3,60,1,
11:30:45,795,435,795,435,95,96,95,30,9,21,23.00,1,8,60,1,11:29:46,1,2,60,1,
11:30:46,795,435,795,435,94,96,95,30,9,21,23.00,1,8,60,1,11:29:46,1,1,60,1,
11:30:47,795,435,795,435,95,96,95,30,9,21,23.25,1,8,60,1,11:29:46,1,0,60,1,
11:30:48,795,435,795,435,94,96,95,30,9,21,23.25,1,8,60,1,11:29:46,0,0,59,0,
11:30:49,795,435,795,435,94,96,95,30,9,21,23.00,1,8,60,1,11:29:46,0,0,58,0,
11:30:50,795,435,795,435,81,83,95,30,9,21,23.25,1,8,60,1,11:29:46,0,0,57,0,
11:30:51,795,435,795,435,81,83,82,30,9,21,23.25,1,8,60,1,11:29:46,0,0,56,0,
11:30:52,795,435,795,435,95,96,82,30,9,21,23.25,1,8,60,1,11:29:46,0,0,55,0,
11:30:53,795,435,795,435,81,83,95,30,9,21,23.00,1,8,60,1,11:29:46,0,0,54,0,
11:30:54,795,435,795,435,81,83,82,30,9,21,23.25,1,8,60,1,11:29:46,0,0,53,0,
11:30:55,795,435,795,435,81,83,82,30,9,21,23.25,1,8,60,1,11:29:46,0,0,52,0,
11:30:56,795,435,795,435,81,83,82,30,9,21,23.25,1,8,60,1,11:29:46,0,0,51,0,
11:30:57,795,435,795,435,81,83,82,30,9,21,23.25,1,8,60,1,11:29:46,0,0,50,0,
11:30:58,795,435,795,435,81,83,82,30,9,21,23.25,1,8,60,1,11:29:46,0,0,49,0,
11:30:59,795,435,795,435,81,83,82,30,9,21,23.25,1,8,60,1,11:29:46,0,0,48,0,
11:31:00,795,435,795,435,81,82,82,30,9,21,23.25,1,8,60,1,11:29:46,0,0,47,0,
11:31:01,795,435,795,435,81,83,81,30,9,21,23.25,1,8,60,1,11:29:46,0,0,46,0,
11:31:02,795,435,795,435,81,83,82,30,9,21,23.25,1,8,60,1,11:29:46,0,0,45,0,
11:31:03,795,435,795,435,81,83,82,30,9,21,23.25,1,8,60,1,11:29:46,0,0,44,0,
11:31:04,795,435,795,435,81,83,82,30,9,21,23.25,1,8,60,1,11:29:46,0,0,43,0,
11:31:05,795,435,795,435,81,82,82,30,9,21,23.25,1,8,60,1,11:29:46,0,0,42,0,
11:31:06,795,435,795,435,81,83,81,30,9,21,23.25,1,8,60,1,11:29:46,0,0,41,0,
11:31:07,795,435,795,435,81,82,82,30,9,21,23.25,1,8,60,1,11:29:46,0,0,40,0,
11:31:08,795,435,795,435,81,83,81,30,9,21,23.25,1,8,60,1,11:29:46,0,0,39,0,
11:31:09,795,435,795,435,81,82,82,30,9,21,23.25,1,8,60,1,11:29:46,0,0,38,0,
11:31:10,795,435,795,435,81,83,81,30,9,21,23.25,1,8,60,1,11:29:46,0,0,37,0,
11:31:11,795,435,795,435,81,83,82,30,9,21,23.25,1,8,60,1,11:29:46,0,0,36,0,
11:31:12,795,435,795,435,81,82,82,30,9,21,23.25,1,8,60,1,11:29:46,0,0,35,0,
11:31:13,795,435,795,435,81,83,81,30,9,21,23.25,1,8,60,1,11:29:46,0,0,34,0,
11:31:14,795,435,795,435,81,83,82,30,9,21,23.25,1,8,60,1,11:29:46,0,0,33,0,
11:31:15,795,435,795,435,81,83,82,30,9,21,23.25,1,8,60,1,11:29:46,0,0,32,0,
11:31:16,795,435,795,435,81,83,82,30,9,21,23.25,1,8,60,1,11:29:46,0,0,31,0,
11:31:17,795,435,795,435,81,83,82,30,9,21,23.25,1,8,60,1,11:29:46,0,0,30,0,
11:31:18,795,435,795,435,81,83,82,30,9,21,23.25,1,8,60,1,11:29:46,0,0,29,0,
11:31:19,795,435,795,435,81,83,82,30,9,21,23.25,1,8,60,1,11:29:46,0,0,28,0,
11:31:20,795,435,795,435,81,83,82,30,9,21,23.25,1,8,60,1,11:29:46,0,0,27,0,
11:31:21,795,435,795,435,81,83,82,30,9,21,23.25,1,8,60,1,11:29:46,0,0,26,0,
11:31:22,795,435,795,435,81,83,82,30,9,21,23.50,1,8,60,1,11:29:46,0,0,25,0,
11:31:23,795,435,795,435,81,83,82,30,9,21,23.25,1,8,60,1,11:29:46,0,0,24,0,
11:31:24,795,435,795,435,81,83,82,30,9,21,23.25,1,8,60,1,11:29:46,0,0,23,0,
11:31:25,795,435,795,435,81,83,82,30,9,21,23.25,1,8,60,1,11:29:46,0,0,22,0,
11:31:26,795,435,795,435,81,83,82,30,9,21,23.25,1,8,60,1,11:29:46,0,0,21,0,
11:31:27,795,435,795,435,81,83,82,30,9,21,23.25,1,8,60,1,11:29:46,0,0,20,0,
11:31:28,795,435,795,435,81,83,82,30,9,21,23.25,1,8,60,1,11:29:46,0,0,19,0,
11:31:29,795,435,795,435,81,83,82,30,9,21,23.25,1,8,60,1,11:29:46,0,0,18,0,
11:31:30,795,435,795,435,81,83,82,30,9,21,23.25,1,8,60,1,11:29:46,0,0,17,0,
11:31:31,795,435,795,435,81,83,82,30,9,21,23.25,1,8,60,1,11:29:46,0,0,16,0,
11:31:32,795,435,795,435,81,83,82,30,9,21,23.25,1,8,60,1,11:29:46,0,0,15,0,
11:31:33,795,435,795,435,81,83,82,30,9,21,23.50,1,8,60,1,11:29:46,0,0,14,0,
11:31:34,795,435,795,435,81,83,82,30,9,21,23.25,1,8,60,1,11:29:46,0,0,13,0,
11:31:35,795,435,795,435,81,82,82,30,9,21,23.25,1,8,60,1,11:29:46,0,0,12,0,
11:31:36,795,435,795,435,81,83,81,30,9,21,23.25,1,8,60,1,11:29:46,0,0,11,0,
11:31:37,795,435,795,435,81,82,82,30,9,21,23.25,1,8,60,1,11:29:46,0,0,10,0,
11:31:38,795,435,795,435,81,83,81,30,9,21,23.25,1,8,60,1,11:29:46,0,0,9,0,
11:31:39,795,435,795,435,81,83,82,30,9,21,23.25,1,8,60,1,11:29:46,0,0,8,0,
11:31:40,795,435,795,435,81,83,82,30,9,21,23.50,1,8,60,1,11:29:46,0,0,7,0,
11:31:41,795,435,795,435,81,83,82,30,9,21,23.25,1,8,60,1,11:29:46,0,0,7,0,
11:31:42,795,435,795,435,81,82,82,30,9,21,23.25,1,8,60,1,11:29:46,0,0,6,0,
11:31:43,795,435,795,435,81,82,81,30,9,21,23.25,1,8,60,1,11:29:46,0,0,5,0,
11:31:44,795,435,795,435,81,82,81,30,9,21,23.25,1,8,60,1,11:29:46,0,0,3,0,
11:31:45,795,435,795,435,81,83,81,30,9,21,23.50,1,8,60,1,11:29:46,0,0,2,0,
11:31:46,795,435,795,435,81,83,82,30,9,21,23.50,1,8,60,1,11:29:46,0,0,1,0,
11:31:47,795,435,795,435,81,83,82,30,9,21,23.25,1,8,60,1,11:29:46,0,0,0,0,
11:31:48,795,435,795,435,81,83,82,30,9,21,23.25,1,8,60,1,11:29:46,0,0,0,0,
11:31:49,795,435,795,435,81,82,82,30,9,21,23.50,1,8,60,1,11:29:46,0,0,0,0,
11:31:50,795,435,795,435,81,83,81,30,9,21,23.50,1,8,60,1,11:29:46,0,0,0,0,
11:31:51,795,435,795,435,81,82,82,30,9,21,23.25,1,8,60,1,11:29:46,0,0,0,0,
11:31:52,795,435,795,435,81,83,81,30,9,21,23.25,1,8,60,1,11:29:46,0,0,0,0,
11:31:53,795,435,795,435,81,83,82,30,9,21,23.25,1,8,60,1,11:29:46,0,0,0,0,
11:31:54,795,435,795,435,81,83,82,30,9,21,23.50,1,8,60,1,11:29:46,0,0,0,0,
11:31:55,795,435,795,435,81,83,82,30,9,21,23.50,1,8,60,1,11:29:46,0,0,0,0,
11:31:56,795,435,795,435,81,83,82,30,9,21,23.25,1,8,60,1,11:29:46,0,0,0,0,
11:31:57,795,435,795,435,81,83,82,30,9,21,23.25,1,8,60,1,11:29:46,0,0,0,0,
11:31:58,795,435,795,435,81,82,82,30,9,21,23.25,1,8,60,1,11:29:46,0,0,0,0,
11:31:59,795,435,795,435,81,83,81,30,9,21,23.50,1,8,60,1,11:29:46,0,0,0,0,
11:32:00,795,435,795,435,55,56,82,30,9,21,23.50,1,8,60,1,11:29:46,0,0,0,0,
11:32:01,795,435,795,435,22,24,55,30,9,21,23.50,1,8,60,1,11:29:46,0,0,0,0,
11:32:02,795,435,795,435,14,16,23,30,9,21,23.25,2,8,60,1,11:32:01,1,59,60,1,
11:32:03,795,435,795,435,81,82,15,30,9,21,23.50,2,8,60,1,11:32:01,1,58,60,1,
11:32:04,795,435,795,435,81,83,81,30,9,21,23.50,2,8,60,1,11:32:01,1,57,60,1,
11:32:05,795,435,795,435,81,82,82,30,9,21,23.50,2,8,60,1,11:32:01,1,56,60,1,
11:32:06,795,435,795,435,81,82,81,30,9,21,23.50,2,8,60,1,11:32:01,1,55,60,1,
11:32:07,795,435,795,435,81,82,81,30,9,21,23.25,2,8,60,1,11:32:01,1,54,60,1,
11:32:08,795,435,795,435,81,83,81,30,9,21,23.50,2,8,60,1,11:32:01,1,53,60,1,
11:32:09,795,435,795,435,81,82,82,30,9,21,23.25,2,8,60,1,11:32:01,1,52,60,1,
11:32:10,795,435,795,435,81,82,81,30,9,21,23.50,2,8,60,1,11:32:01,1,51,60,1,
11:32:11,795,435,795,435,81,83,81,30,9,21,23.50,2,8,60,1,11:32:01,1,50,60,1,
11:32:12,795,435,795,435,81,82,82,30,9,21,23.25,2,8,60,1,11:32:01,1,49,60,1,
11:32:13,795,435,795,435,81,82,81,30,9,21,23.25,2,8,60,1,11:32:01,1,48,60,1,
11:32:14,795,435,795,435,81,82,81,30,9,21,23.50,2,8,60,1,11:32:01,1,47,60,1,
11:32:15,795,435,795,435,81,82,81,30,9,21,23.25,2,8,60,1,11:32:01,1,46,60,1,
11:32:16,795,435,795,435,81,83,81,30,9,21,23.25,2,8,60,1,11:32:01,1,45,60,1,
11:32:17,795,435,795,435,81,82,82,30,9,21,23.50,2,8,60,1,11:32:01,1,44,60,1,
11:32:18,795,435,795,435,81,83,81,30,9,21,23.25,2,8,60,1,11:32:01,1,43,60,1,
11:32:19,795,435,795,435,81,82,82,30,9,21,23.25,2,8,60,1,11:32:01,1,42,60,1,
11:32:20,795,435,795,435,81,83,81,30,9,21,23.25,2,8,60,1,11:32:01,1,41,60,1,
11:32:21,795,435,795,435,81,82,82,30,9,21,23.25,2,8,60,1,11:32:01,1,40,60,1,
11:32:22,795,435,795,435,81,82,81,30,9,21,23.25,2,8,60,1,11:32:01,1,39,60,1,
11:32:23,795,435,795,435,81,83,81,30,9,21,23.25,2,8,60,1,11:32:01,1,38,60,1,
11:32:24,795,435,795,435,81,83,82,30,9,21,23.25,2,8,60,1,11:32:01,1,37,60,1,
11:32:25,795,435,795,435,81,82,82,30,9,21,23.25,2,8,60,1,11:32:01,1,36,60,1,
11:32:26,795,435,795,435,81,82,81,30,9,21,23.25,2,8,60,1,11:32:01,1,35,60,1,
11:32:27,795,435,795,435,81,83,81,30,9,21,23.25,2,8,60,1,11:32:01,1,34,60,1,
11:32:28,795,435,795,435,81,82,82,30,9,21,23.25,2,8,60,1,11:32:01,1,33,60,1,
11:32:29,795,435,795,435,81,82,81,30,9,21,23.25,2,8,60,1,11:32:01,1,32,60,1,
11:32:30,795,435,795,435,81,83,81,30,9,21,23.25,2,8,60,1,11:32:01,1,31,60,1,
11:32:31,795,435,795,435,81,83,82,30,9,21,23.25,2,8,60,1,11:32:01,1,30,60,1,
11:32:32,795,435,795,435,81,83,82,30,9,21,23.25,2,8,60,1,11:32:01,1,29,60,1,
11:32:33,795,435,795,435,81,82,82,30,9,21,23.25,2,8,60,1,11:32:01,1,28,60,1,
11:32:34,795,435,795,435,81,82,81,30,9,21,23.25,2,8,60,1,11:32:01,1,27,60,1,
11:32:35,795,435,795,435,81,82,81,30,9,21,23.25,2,8,60,1,11:32:01,1,26,60,1,
11:32:36,795,435,795,435,81,82,81,30,9,21,23.25,2,8,60,1,11:32:01,1,25,60,1,
11:32:37,795,435,795,435,81,83,81,30,9,21,23.25,2,8,60,1,11:32:01,1,24,60,1,
11:32:38,795,435,795,435,81,83,82,30,9,21,23.25,2,8,60,1,11:32:01,1,23,60,1,
11:32:39,795,435,795,435,81,82,82,30,9,21,23.00,2,8,60,1,11:32:01,1,22,60,1,
11:32:40,795,435,795,435,81,82,81,30,9,21,23.25,2,8,60,1,11:32:01,1,21,60,1,
11:32:41,795,435,795,435,81,83,81,30,9,21,23.25,2,8,60,1,11:32:01,1,20,60,1,
11:32:42,795,435,795,435,81,82,82,30,9,21,23.25,2,8,60,1,11:32:01,1,19,60,1,
11:32:43,795,435,795,435,81,83,81,30,9,21,23.25,2,8,60,1,11:32:01,1,18,60,1,
11:32:44,795,435,795,435,81,83,82,30,9,21,23.25,2,8,60,1,11:32:01,1,17,60,1,
11:32:45,795,435,795,435,81,82,82,30,9,21,23.25,2,8,60,1,11:32:01,1,16,60,1,
11:32:46,795,435,795,435,81,83,81,30,9,21,23.25,2,8,60,1,11:32:01,1,15,60,1,
11:32:47,795,435,795,435,81,82,82,30,9,21,23.25,2,8,60,1,11:32:01,1,14,60,1,
11:32:48,795,435,795,435,81,83,81,30,9,21,23.25,2,8,60,1,11:32:01,1,13,60,1,
11:32:49,795,435,795,435,81,82,82,30,9,21,23.25,2,8,60,1,11:32:01,1,12,60,1,
11:32:50,795,435,795,435,81,83,81,30,9,21,23.25,2,8,60,1,11:32:01,1,11,60,1,
11:32:51,795,435,795,435,81,82,82,30,9,21,23.25,2,8,60,1,11:32:01,1,10,60,1,
11:32:52,795,435,795,435,81,83,81,30,9,21,23.25,2,8,60,1,11:32:01,1,9,60,1,
11:32:53,795,435,795,435,81,83,82,30,9,21,23.00,2,8,60,1,11:32:01,1,8,60,1,
11:32:54,795,435,795,435,81,82,82,30,9,21,23.00,2,8,60,1,11:32:01,1,7,60,1,
11:32:55,795,435,795,435,81,82,81,30,9,21,23.25,2,8,60,1,11:32:01,1,6,60,1,
11:32:56,795,435,795,435,81,82,81,30,9,21,23.25,2,8,60,1,11:32:01,1,5,60,1,
11:32:57,795,435,795,435,81,83,81,30,9,21,23.00,2,8,60,1,11:32:01,1,4,60,1,
11:32:58,795,435,795,435,81,82,82,30,9,21,23.00,2,8,60,1,11:32:01,1,3,60,1,
11:32:59,795,435,795,435,81,83,81,30,9,21,23.00,2,8,60,1,11:32:01,1,2,60,1,
11:33:00,795,435,795,435,81,83,82,30,9,21,23.25,2,8,60,1,11:32:01,1,1,60,1,
11:33:01,795,435,795,435,81,82,82,30,9,21,23.25,2,8,60,1,11:32:01,1,0,60,1,
11:33:02,795,435,795,435,81,82,81,30,9,21,23.25,2,8,60,1,11:32:01,0,0,59,0,
11:33:03,795,435,795,435,81,82,81,30,9,21,23.25,2,8,60,1,11:32:01,0,0,58,0,
11:33:04,795,435,795,435,81,82,81,30,9,21,23.00,2,8,60,1,11:32:01,0,0,57,0,
11:33:05,795,435,795,435,81,82,81,30,9,21,23.25,2,8,60,1,11:32:01,0,0,56,0,
11:33:06,795,435,795,435,81,82,81,30,9,21,23.25,2,8,60,1,11:32:01,0,0,55,0,
11:33:07,795,435,795,435,81,83,81,30,9,21,23.25,2,8,60,1,11:32:01,0,0,54,0,
11:33:08,795,435,795,435,81,82,82,30,9,21,23.25,2,8,60,1,11:32:01,0,0,54,0,
11:33:09,795,435,795,435,81,82,81,30,9,21,23.25,2,8,60,1,11:32:01,0,0,53,0,
11:33:10,795,435,795,435,81,82,81,30,9,21,23.00,2,8,60,1,11:32:01,0,0,51,0,
11:33:11,795,435,795,435,81,82,81,30,9,21,23.25,2,8,60,1,11:32:01,0,0,50,0,
11:33:12,795,435,795,435,81,82,81,30,9,21,23.25,2,8,60,1,11:32:01,0,0,49,0,
11:33:13,795,435,795,435,81,82,81,30,9,21,23.25,2,8,60,1,11:32:01,0,0,49,0,
11:33:14,795,435,795,435,81,82,81,30,9,21,23.25,2,8,60,1,11:32:01,0,0,48,0,
11:33:15,795,435,795,435,81,82,81,30,9,21,23.00,2,8,60,1,11:32:01,0,0,47,0,
11:33:16,795,435,795,435,81,82,81,30,9,21,23.25,2,8,60,1,11:32:01,0,0,46,0,
11:33:17,795,435,795,435,81,82,81,30,9,21,23.25,2,8,60,1,11:32:01,0,0,45,0,
11:33:18,795,435,795,435,81,82,81,30,9,21,23.25,2,8,60,1,11:32:01,0,0,44,0,
11:33:19,795,435,795,435,81,82,81,30,9,21,23.25,2,8,60,1,11:32:01,0,0,43,0,
11:33:20,795,435,795,435,81,82,81,30,9,21,23.25,2,8,60,1,11:32:01,0,0,42,0,
11:33:21,795,435,795,435,81,83,81,30,9,21,23.00,2,8,60,1,11:32:01,0,0,41,0,
11:33:22,795,435,795,435,81,82,82,30,9,21,23.25,2,8,60,1,11:32:01,0,0,40,0,
11:33:23,795,435,795,435,81,82,81,30,9,21,23.00,2,8,60,1,11:32:01,0,0,39,0,
11:33:24,795,435,795,435,81,82,81,30,9,21,23.25,2,8,60,1,11:32:01,0,0,38,0,
11:33:25,795,435,795,435,81,82,81,30,9,21,23.00,2,8,60,1,11:32:01,0,0,37,0,
11:33:26,795,435,795,435,81,82,81,30,9,21,23.25,2,8,60,1,11:32:01,0,0,36,0,
11:33:27,795,435,795,435,81,82,81,30,9,21,23.25,2,8,60,1,11:32:01,0,0,35,0,
11:33:28,795,435,795,435,81,82,81,30,9,21,23.00,2,8,60,1,11:32:01,0,0,34,0,
11:33:29,795,435,795,435,81,83,81,30,9,21,23.25,2,8,60,1,11:32:01,0,0,33,0,
11:33:30,795,435,795,435,81,82,82,30,9,21,23.00,2,8,60,1,11:32:01,0,0,32,0,
11:33:31,795,435,795,435,81,82,81,30,9,21,23.25,2,8,60,1,11:32:01,0,0,31,0,
11:33:32,795,435,795,435,81,82,81,30,9,21,23.00,2,8,60,1,11:32:01,0,0,30,0,
11:33:33,795,435,795,435,81,82,81,30,9,21,23.00,2,8,60,1,11:32:01,0,0,29,0,
11:33:34,795,435,795,435,81,82,81,30,9,21,23.00,2,8,60,1,11:32:01,0,0,28,0,
11:33:35,795,435,795,435,81,82,81,30,9,21,23.00,2,8,60,1,11:32:01,0,0,27,0,
11:33:36,795,435,795,435,81,82,81,30,9,21,23.00,2,8,60,1,11:32:01,0,0,26,0,
11:33:37,795,435,795,435,81,82,81,30,9,21,23.00,2,8,60,1,11:32:01,0,0,25,0,
11:33:38,795,435,795,435,81,82,81,30,9,21,23.00,2,8,60,1,11:32:01,0,0,24,0,
11:33:39,795,435,795,435,81,82,81,30,9,21,23.00,2,8,60,1,11:32:01,0,0,23,0,
11:33:40,795,435,795,435,81,82,81,30,9,21,23.00,2,8,60,1,11:32:01,0,0,22,0,
11:33:41,795,435,795,435,81,83,81,30,9,21,23.00,2,8,60,1,11:32:01,0,0,21,0,
11:33:42,795,435,795,435,81,82,82,30,9,21,23.00,2,8,60,1,11:32:01,0,0,20,0,
11:33:43,795,435,795,435,81,82,81,30,9,21,23.00,2,8,60,1,11:32:01,0,0,19,0,
11:33:44,795,435,795,435,81,82,81,30,9,21,23.00,2,8,60,1,11:32:01,0,0,18,0,
11:33:45,795,435,795,435,81,82,81,30,9,21,23.00,2,8,60,1,11:32:01,0,0,17,0,
11:33:46,795,435,795,435,81,82,81,30,9,21,23.00,2,8,60,1,11:32:01,0,0,16,0,
11:33:47,795,435,795,435,81,82,81,30,9,21,23.00,2,8,60,1,11:32:01,0,0,15,0,
11:33:48,795,435,795,435,81,82,81,30,9,21,23.00,2,8,60,1,11:32:01,0,0,14,0,
11:33:49,795,435,795,435,81,83,81,30,9,21,23.00,2,8,60,1,11:32:01,0,0,13,0,
11:33:50,795,435,795,435,81,82,82,30,9,21,23.00,2,8,60,1,11:32:01,0,0,12,0,
11:33:51,795,435,795,435,81,82,81,30,9,21,23.00,2,8,60,1,11:32:01,0,0,11,0,
11:33:52,795,435,795,435,81,82,81,30,9,21,23.00,2,8,60,1,11:32:01,0,0,10,0,
11:33:53,795,435,795,435,81,82,81,30,9,21,23.00,2,8,60,1,11:32:01,0,0,9,0,
11:33:54,795,435,795,435,81,82,81,30,9,21,23.00,2,8,60,1,11:32:01,0,0,8,0,
11:33:55,795,435,795,435,81,82,81,30,9,21,23.00,2,8,60,1,11:32:01,0,0,7,0,
11:33:56,795,435,795,435,81,82,81,30,9,21,23.00,2,8,60,1,11:32:01,0,0,6,0,
11:33:57,795,435,795,435,81,82,81,30,9,21,23.00,2,8,60,1,11:32:01,0,0,5,0,
11:33:58,795,435,795,435,81,82,81,30,9,21,23.00,2,8,60,1,11:32:01,0,0,4,0,
11:33:59,795,435,795,435,81,82,81,30,9,21,23.00,2,8,60,1,11:32:01,0,0,3,0,
11:34:00,795,435,795,435,81,82,81,30,9,21,23.00,2,8,60,1,11:32:01,0,0,2,0,
11:34:01,795,435,795,435,81,82,81,30,9,21,23.00,2,8,60,1,11:32:01,0,0,1,0,
11:34:02,795,435,795,435,81,82,81,30,9,21,23.00,2,8,60,1,11:32:01,0,0,0,0,
11:34:03,795,435,795,435,81,82,81,30,9,21,23.00,2,8,60,1,11:32:01,0,0,0,0,
11:34:04,795,435,795,435,81,83,81,30,9,21,23.00,2,8,60,1,11:32:01,0,0,0,0,
11:34:05,795,435,795,435,81,83,82,30,9,21,23.25,2,8,60,1,11:32:01,0,0,0,0,
11:34:06,795,435,795,435,81,82,82,30,9,21,23.00,2,8,60,1,11:32:01,0,0,0,0,
11:34:07,795,435,795,435,81,82,81,30,9,21,23.00,2,8,60,1,11:32:01,0,0,0,0,
11:34:08,795,435,795,435,81,82,81,30,9,21,23.00,2,8,60,1,11:32:01,0,0,0,0,
11:34:09,795,435,795,435,81,83,81,30,9,21,23.00,2,8,60,1,11:32:01,0,0,0,0,
11:34:10,795,435,795,435,81,82,82,30,9,21,23.00,2,8,60,1,11:32:01,0,0,0,0,
11:34:11,795,435,795,435,81,82,81,30,9,21,23.00,2,8,60,1,11:32:01,0,0,0,0,
11:34:12,795,435,795,435,81,82,81,30,9,21,23.00,2,8,60,1,11:32:01,0,0,0,0,
11:34:13,795,435,795,435,81,82,81,30,9,21,23.00,2,8,60,1,11:32:01,0,0,0,0,
11:34:14,795,435,795,435,81,82,81,30,9,21,23.00,2,8,60,1,11:32:01,0,0,0,0,
11:34:15,795,435,795,435,81,82,81,30,9,21,23.00,2,8,60,1,11:32:01,0,0,0,0,
11:34:16,795,435,795,435,81,82,81,30,9,21,23.00,2,8,60,1,11:32:01,0,0,0,0,
11:34:17,795,435,795,435,81,82,81,30,9,21,23.00,2,8,60,1,11:32:01,0,0,0,0,
11:34:18,795,435,795,435,81,82,81,30,9,21,23.00,2,8,60,1,11:32:01,0,0,0,0,
11:34:19,795,435,795,435,81,82,81,30,9,21,23.00,2,8,60,1,11:32:01,0,0,0,0,
11:34:20,795,435,795,435,81,82,81,30,9,21,23.00,2,8,60,1,11:32:01,0,0,0,0,
11:34:21,795,435,795,435,81,82,81,30,9,21,23.00,2,8,60,1,11:32:01,0,0,0,0,
11:34:22,795,435,795,435,81,82,81,30,9,21,23.00,2,8,60,1,11:32:01,0,0,0,0,
11:34:23,795,435,795,435,81,82,81,30,9,21,23.00,2,8,60,1,11:32:01,0,0,0,0,
11:34:24,795,435,795,435,81,82,81,30,9,21,23.00,2,8,60,1,11:32:01,0,0,0,0,
11:34:25,795,435,795,435,81,82,81,30,9,21,23.25,2,8,60,1,11:32:01,0,0,0,0,
11:34:26,795,435,795,435,81,82,81,30,9,21,23.00,2,8,60,1,11:32:01,0,0,0,0,
11:34:27,795,435,795,435,81,82,81,30,9,21,23.00,2,8,60,1,11:32:01,0,0,0,0,
11:34:28,795,435,795,435,81,82,81,30,9,21,23.00,2,8,60,1,11:32:01,0,0,0,0,
11:34:29,795,435,795,435,81,82,81,30,9,21,23.00,2,8,60,1,11:32:01,0,0,0,0,
11:34:30,795,435,795,435,81,82,81,30,9,21,23.25,2,8,60,1,11:32:01,0,0,0,0,
11:34:31,795,435,795,435,81,82,81,30,9,21,23.00,2,8,60,1,11:32:01,0,0,0,0,
11:34:32,795,435,795,435,81,83,81,30,9,21,23.00,2,8,60,1,11:32:01,0,0,0,0,
11:34:33,795,435,795,435,81,82,82,30,9,21,23.00,2,8,60,1,11:32:01,0,0,0,0,
11:34:34,795,435,795,435,81,83,81,30,9,21,23.00,2,8,60,1,11:32:01,0,0,0,0,
11:34:35,795,435,795,435,81,82,82,30,9,21,23.00,2,8,60,1,11:32:01,0,0,0,0,
11:34:36,795,435,795,435,81,82,81,30,9,21,23.00,2,8,60,1,11:32:01,0,0,0,0,
11:34:37,795,435,795,435,81,82,81,30,9,21,23.00,2,8,60,1,11:32:01,0,0,0,0,
11:34:38,795,435,795,435,81,82,81,30,9,21,23.00,2,8,60,1,11:32:01,0,0,0,0,
11:34:39,795,435,795,435,81,82,81,30,9,21,23.00,2,8,60,1,11:32:01,0,0,0,0,
11:34:40,795,435,795,435,81,82,81,30,9,21,23.00,2,8,60,1,11:32:01,0,0,0,0,
11:34:41,795,435,795,435,81,82,81,30,9,21,23.00,2,8,60,1,11:32:01,0,0,0,0,
11:34:42,795,435,795,435,81,82,81,30,9,21,23.00,2,8,60,1,11:32:01,0,0,0,0,
11:34:43,795,435,795,435,81,82,81,30,9,21,23.00,2,8,60,1,11:32:01,0,0,0,0,
11:34:44,795,435,795,435,81,82,81,30,9,21,23.00,2,8,60,1,11:32:01,0,0,0,0,
11:34:45,795,435,795,435,81,82,81,30,9,21,23.00,2,8,60,1,11:32:01,0,0,0,0,
11:34:46,795,435,795,435,81,82,81,30,9,21,23.00,2,8,60,1,11:32:01,0,0,0,0,
11:34:47,795,435,795,435,81,82,81,30,9,21,23.00,2,8,60,1,11:32:01,0,0,0,0,
11:34:48,795,435,795,435,81,82,81,30,9,21,23.00,2,8,60,1,11:32:01,0,0,0,0,
11:34:49,795,435,795,435,81,82,81,30,9,21,23.00,2,8,60,1,11:32:01,0,0,0,0,
11:34:50,795,435,795,435,81,83,81,30,9,21,23.00,2,8,60,1,11:32:01,0,0,0,0,
11:34:51,795,435,795,435,81,82,82,30,9,21,23.00,2,8,60,1,11:32:01,0,0,0,0,
11:34:52,795,435,795,435,81,82,81,30,9,21,23.00,2,8,60,1,11:32:01,0,0,0,0,
11:34:53,795,435,795,435,81,82,81,30,9,21,23.00,2,8,60,1,11:32:01,0,0,0,0,
11:34:54,795,435,795,435,81,83,81,30,9,21,23.00,2,8,60,1,11:32:01,0,0,0,0,
11:34:55,795,435,795,435,81,82,82,30,9,21,23.00,2,8,60,1,11:32:01,0,0,0,0,
11:34:56,795,435,795,435,81,82,81,30,9,21,23.00,2,8,60,1,11:32:01,0,0,0,0,
11:34:57,795,435,795,435,81,82,81,30,9,21,23.00,2,8,60,1,11:32:01,0,0,0,0,
11:34:58,795,435,795,435,81,82,81,30,9,21,23.00,2,8,60,1,11:32:01,0,0,0,0,
11:34:59,795,435,795,435,81,82,81,30,9,21,23.00,2,8,60,1,11:32:01,0,0,0,0,
11:35:00,795,435,795,435,81,83,81,30,9,21,23.00,2,8,60,1,11:32:01,0,0,0,0,
11:35:01,795,435,795,435,81,82,82,30,9,21,23.00,2,8,60,1,11:32:01,0,0,0,0,
11:35:02,795,435,795,435,81,82,81,30,9,21,23.00,2,8,60,1,11:32:01,0,0,0,0,
11:35:03,795,435,795,435,81,82,81,30,9,21,23.00,2,8,60,1,11:32:01,0,0,0,0,
11:35:04,795,435,795,435,81,83,81,30,9,21,23.00,2,8,60,1,11:32:01,0,0,0,0,
11:35:05,795,435,795,435,81,82,82,30,9,21,23.00,2,8,60,1,11:32:01,0,0,0,0,
11:35:06,795,435,795,435,81,82,81,30,9,21,23.00,2,8,60,1,11:32:01,0,0,0,0,
11:35:07,795,435,795,435,81,82,81,30,9,21,23.00,2,8,60,1,11:32:01,0,0,0,0,
11:35:08,795,435,795,435,81,82,81,30,9,21,23.00,2,8,60,1,11:32:01,0,0,0,0,
11:35:09,795,435,795,435,81,83,81,30,9,21,23.00,2,8,60,1,11:32:01,0,0,0,0,
11:35:10,795,435,795,435,81,82,82,30,9,21,23.00,2,8,60,1,11:32:01,0,0,0,0,
11:35:11,795,435,795,435,81,82,81,30,9,21,23.00,2,8,60,1,11:32:01,0,0,0,0,
11:35:12,795,435,795,435,81,82,81,30,9,21,23.00,2,8,60,1,11:32:01,0,0,0,0,
11:35:13,795,435,795,435,81,82,81,30,9,21,23.00,2,8,60,1,11:32:01,0,0,0,0,
11:35:14,795,435,795,435,81,83,81,30,9,21,23.00,2,8,60,1,11:32:01,0,0,0,0,
11:35:15,795,435,795,435,81,82,82,30,9,21,23.00,2,8,60,1,11:32:01,0,0,0,0,
11:35:16,795,435,795,435,81,83,81,30,9,21,23.00,2,8,60,1,11:32:01,0,0,0,0,
11:35:17,795,435,795,435,81,82,82,30,9,21,23.00,2,8,60,1,11:32:01,0,0,0,0,
11:35:18,795,435,795,435,81,83,81,30,9,21,23.00,2,8,60,1,11:32:01,0,0,0,0,
11:35:19,795,435,795,435,81,82,82,30,9,21,23.00,2,8,60,1,11:32:01,0,0,0,0,
11:35:20,795,435,795,435,81,82,81,30,9,21,23.00,2,8,60,1,11:32:01,0,0,0,0,
11:35:21,795,435,795,435,81,82,81,30,9,21,23.00,2,8,60,1,11:32:01,0,0,0,0,
11:35:22,795,435,795,435,81,82,81,30,9,21,23.00,2,8,60,1,11:32:01,0,0,0,0,
11:35:23,795,435,795,435,81,82,81,30,9,21,23.00,2,8,60,1,11:32:01,0,0,0,0,
11:35:24,795,435,795,435,81,83,81,30,9,21,23.00,2,8,60,1,11:32:01,0,0,0,0,
11:35:25,795,435,795,435,81,82,82,30,9,21,23.00,2,8,60,1,11:32:01,0,0,0,0,
11:35:26,795,435,795,435,81,82,81,30,9,21,23.00,2,8,60,1,11:32:01,0,0,0,0,
11:35:27,795,435,795,435,81,82,81,30,9,21,23.00,2,8,60,1,11:32:01,0,0,0,0,
11:35:28,795,435,795,435,81,83,81,30,9,21,23.00,2,8,60,1,11:32:01,0,0,0,0,
11:35:29,795,435,795,435,81,82,82,30,9,21,23.00,2,8,60,1,11:32:01,0,0,0,0,
11:35:30,795,435,795,435,81,82,81,30,9,21,23.00,2,8,60,1,11:32:01,0,0,0,0,
11:35:31,795,435,795,435,81,82,81,30,9,21,23.00,2,8,60,1,11:32:01,0,0,0,0,
11:35:32,795,435,795,435,81,82,81,30,9,21,23.00,2,8,60,1,11:32:01,0,0,0,0,
11:35:33,795,435,795,435,81,82,81,30,9,21,23.00,2,8,60,1,11:32:01,0,0,0,0,
11:35:34,795,435,795,435,81,82,81,30,9,21,23.00,2,8,60,1,11:32:01,0,0,0,0,
11:35:35,795,435,795,435,81,82,81,30,9,21,23.00,2,8,60,1,11:32:01,0,0,0,0,
11:35:36,795,435,795,435,81,82,81,30,9,21,23.00,2,8,60,1,11:32:01,0,0,0,0,
11:35:37,795,435,795,435,81,82,81,30,9,21,23.00,2,8,60,1,11:32:01,0,0,0,0,
11:35:38,795,435,795,435,81,82,81,30,9,21,23.00,2,8,60,1,11:32:01,0,0,0,0,
11:35:39,795,435,795,435,81,83,81,30,9,21,23.00,2,8,60,1,11:32:01,0,0,0,0,
11:35:40,795,435,795,435,81,82,82,30,9,21,23.00,2,8,60,1,11:32:01,0,0,0,0,
11:35:41,795,435,795,435,81,82,81,30,9,21,23.00,2,8,60,1,11:32:01,0,0,0,0,
11:35:42,795,435,795,435,81,82,81,30,9,21,23.00,2,8,60,1,11:32:01,0,0,0,0,
11:35:43,795,435,795,435,81,82,81,30,9,21,23.00,2,8,60,1,11:32:01,0,0,0,0,
11:35:44,795,435,795,435,81,83,81,30,9,21,23.00,2,8,60,1,11:32:01,0,0,0,0,
11:35:45,795,435,795,435,81,82,82,30,9,21,23.00,2,8,60,1,11:32:01,0,0,0,0,
11:35:46,795,435,795,435,81,82,81,30,9,21,23.00,2,8,60,1,11:32:01,0,0,0,0,
11:35:47,795,435,795,435,81,82,81,30,9,21,23.00,2,8,60,1,11:32:01,0,0,0,0,
11:35:48,795,435,795,435,81,82,81,30,9,21,23.00,2,8,60,1,11:32:01,0,0,0,0,
11:35:49,795,435,795,435,81,82,81,30,9,21,23.00,2,8,60,1,11:32:01,0,0,0,0,
11:35:50,795,435,795,435,81,82,81,30,9,21,23.00,2,8,60,1,11:32:01,0,0,0,0,
11:35:51,795,435,795,435,81,82,81,30,9,21,23.00,2,8,60,1,11:32:01,0,0,0,0,
11:35:52,795,435,795,435,81,82,81,30,9,21,23.00,2,8,60,1,11:32:01,0,0,0,0,
11:35:53,795,435,795,435,81,82,81,30,9,21,23.00,2,8,60,1,11:32:01,0,0,0,0,
11:35:54,795,435,795,435,81,83,81,30,9,21,23.00,2,8,60,1,11:32:01,0,0,0,0,
11:35:55,795,435,795,435,81,82,82,30,9,21,23.00,2,8,60,1,11:32:01,0,0,0,0,
11:35:56,795,435,795,435,81,82,81,30,9,21,23.00,2,8,60,1,11:32:01,0,0,0,0,
11:35:57,795,435,795,435,81,82,81,30,9,21,23.00,2,8,60,1,11:32:01,0,0,0,0,
11:35:58,795,435,795,435,81,82,81,30,9,21,23.00,2,8,60,1,11:32:01,0,0,0,0,
11:35:59,795,435,795,435,81,82,81,30,9,21,23.00,2,8,60,1,11:32:01,0,0,0,0,
11:36:00,795,435,795,435,81,83,81,30,9,21,23.00,2,8,60,1,11:32:01,0,0,0,0,
11:36:01,795,435,795,435,81,82,82,30,9,21,23.00,2,8,60,1,11:32:01,0,0,0,0,
11:36:02,795,435,795,435,81,82,81,30,9,21,23.00,2,8,60,1,11:32:01,0,0,0,0,
11:36:03,795,435,795,435,81,82,81,30,9,21,23.00,2,8,60,1,11:32:01,0,0,0,0,
11:36:04,795,435,795,435,81,82,81,30,9,21,23.25,2,8,60,1,11:32:01,0,0,0,0,
11:36:05,795,435,795,435,81,82,81,30,9,21,23.00,2,8,60,1,11:32:01,0,0,0,0,
11:36:06,795,435,795,435,81,82,81,30,9,21,23.00,2,8,60,1,11:32:01,0,0,0,0,
11:36:07,795,435,795,435,81,82,81,30,9,21,23.00,2,8,60,1,11:32:01,0,0,0,0,
11:36:08,795,435,795,435,81,82,81,30,9,21,23.00,2,8,60,1,11:32:01,0,0,0,0,
11:36:09,795,435,795,435,81,82,81,30,9,21,23.00,2,8,60,1,11:32:01,0,0,0,0,
11:36:10,795,435,795,435,81,82,81,30,9,21,23.00,2,8,60,1,11:32:01,0,0,0,0,
11:36:11,795,435,795,435,81,82,81,30,9,21,23.00,2,8,60,1,11:32:01,0,0,0,0,
11:36:12,795,435,795,435,81,82,81,30,9,21,23.00,2,8,60,1,11:32:01,0,0,0,0,
11:36:13,795,435,795,435,81,82,81,30,9,21,23.00,2,8,60,1,11:32:01,0,0,0,0,
11:36:14,795,435,795,435,81,82,81,30,9,21,23.00,2,8,60,1,11:32:01,0,0,0,0,
11:36:15,795,435,795,435,81,82,81,30,9,21,23.00,2,8,60,1,11:32:01,0,0,0,0,
11:36:16,795,435,795,435,81,82,81,30,9,21,23.00,2,8,60,1,11:32:01,0,0,0,0,
11:36:17,795,435,795,435,81,82,81,30,9,21,23.00,2,8,60,1,11:32:01,0,0,0,0,
11:36:18,795,435,795,435,81,82,81,30,9,21,23.00,2,8,60,1,11:32:01,0,0,0,0,
11:36:19,795,435,795,435,81,82,81,30,9,21,23.00,2,8,60,1,11:32:01,0,0,0,0,
11:36:20,795,435,795,435,81,82,81,30,9,21,23.00,2,8,60,1,11:32:01,0,0,0,0,
11:36:21,795,435,795,435,81,82,81,30,9,21,23.00,2,8,60,1,11:32:01,0,0,0,0,
11:36:22,795,435,795,435,81,82,81,30,9,21,23.00,2,8,60,1,11:32:01,0,0,0,0,
11:36:23,795,435,795,435,81,82,81,30,9,21,23.00,2,8,60,1,11:32:01,0,0,0,0,
11:36:24,795,435,795,435,81,82,81,30,9,21,23.00,2,8,60,1,11:32:01,0,0,0,0,
11:36:25,795,435,795,435,81,82,81,30,9,21,23.00,2,8,60,1,11:32:01,0,0,0,0,
11:36:26,795,435,795,435,81,82,81,30,9,21,23.00,2,8,60,1,11:32:01,0,0,0,0,
11:36:27,795,435,795,435,81,82,81,30,9,21,23.00,2,8,60,1,11:32:01,0,0,0,0,
11:36:28,795,435,795,435,81,82,81,30,9,21,23.00,2,8,60,1,11:32:01,0,0,0,0,
11:36:29,795,435,795,435,81,83,81,30,9,21,23.00,2,8,60,1,11:32:01,0,0,0,0,
11:36:30,795,435,795,435,81,82,82,30,9,21,23.00,2,8,60,1,11:32:01,0,0,0,0,
11:36:31,795,435,795,435,81,82,81,30,9,21,23.00,2,8,60,1,11:32:01,0,0,0,0,
11:36:32,795,435,795,435,81,82,81,30,9,21,23.00,2,8,60,1,11:32:01,0,0,0,0,
11:36:33,795,435,795,435,81,82,81,30,9,21,23.00,2,8,60,1,11:32:01,0,0,0,0,
11:36:34,795,435,795,435,81,82,81,30,9,21,23.25,2,8,60,1,11:32:01,0,0,0,0,
11:36:35,795,435,795,435,81,83,81,30,9,21,23.00,2,8,60,1,11:32:01,0,0,0,0,
11:36:36,795,435,795,435,81,82,82,30,9,21,23.00,2,8,60,1,11:32:01,0,0,0,0,
11:36:37,795,435,795,435,81,83,81,30,9,21,23.00,2,8,60,1,11:32:01,0,0,0,0,
11:36:38,795,435,795,435,81,82,82,30,9,21,23.00,2,8,60,1,11:32:01,0,0,0,0,
11:36:39,795,435,795,435,81,82,81,30,9,21,23.00,2,8,60,1,11:32:01,0,0,0,0,
11:36:40,795,435,795,435,81,82,81,30,9,21,23.00,2,8,60,1,11:32:01,0,0,0,0,
11:36:41,795,435,795,435,81,82,81,30,9,21,23.00,2,8,60,1,11:32:01,0,0,0,0,
11:36:42,795,435,795,435,81,82,81,30,9,21,23.00,2,8,60,1,11:32:01,0,0,0,0,
11:36:43,795,435,795,435,81,82,81,30,9,21,23.00,2,8,60,1,11:32:01,0,0,0,0,
11:36:44,795,435,795,435,81,83,81,30,9,21,23.00,2,8,60,1,11:32:01,0,0,0,0,
11:36:45,795,435,795,435,81,82,82,30,9,21,23.00,2,8,60,1,11:32:01,0,0,0,0,
11:36:46,795,435,795,435,81,82,81,30,9,21,23.00,2,8,60,1,11:32:01,0,0,0,0,
11:36:47,795,435,795,435,81,82,81,30,9,21,23.00,2,8,60,1,11:32:01,0,0,0,0,
11:36:48,795,435,795,435,81,82,81,30,9,21,23.00,2,8,60,1,11:32:01,0,0,0,0,
11:36:49,795,435,795,435,81,82,81,30,9,21,23.00,2,8,60,1,11:32:01,0,0,0,0,
11:36:50,795,435,795,435,81,82,81,30,9,21,23.00,2,8,60,1,11:32:01,0,0,0,0,
11:36:51,795,435,795,435,81,83,81,30,9,21,23.00,2,8,60,1,11:32:01,0,0,0,0,
11:36:52,795,435,795,435,81,82,82,30,9,21,23.00,2,8,60,1,11:32:01,0,0,0,0,
11:36:53,795,435,795,435,81,83,81,30,9,21,23.00,2,8,60,1,11:32:01,0,0,0,0,
11:36:54,795,435,795,435,81,82,82,30,9,21,23.00,2,8,60,1,11:32:01,0,0,0,0,
11:36:55,795,435,795,435,81,82,81,30,9,21,23.00,2,8,60,1,11:32:01,0,0,0,0,
11:36:56,795,435,795,435,81,82,81,30,9,21,23.00,2,8,60,1,11:32:01,0,0,0,0,
11:36:57,795,435,795,435,81,82,81,30,9,21,23.00,2,8,60,1,11:32:01,0,0,0,0,
11:36:58,795,435,795,435,81,82,81,30,9,21,23.00,2,8,60,1,11:32:01,0,0,0,0,
11:36:59,795,435,795,435,81,82,81,30,9,21,23.00,2,8,60,1,11:32:01,0,0,0,0,
11:37:00,795,435,795,435,81,83,81,30,9,21,23.00,2,8,60,1,11:32:01,0,0,0,0,
11:37:01,795,435,795,435,81,82,82,30,9,21,23.00,2,8,60,1,11:32:01,0,0,0,0,
11:37:02,795,435,795,435,81,82,81,30,9,21,23.00,2,8,60,1,11:32:01,0,0,0,0,
11:37:03,795,435,795,435,81,82,81,30,9,21,23.00,2,8,60,1,11:32:01,0,0,0,0,
11:37:04,795,435,795,435,81,82,81,30,9,21,23.00,2,8,60,1,11:32:01,0,0,0,0,
11:37:05,795,435,795,435,81,82,81,30,9,21,23.00,2,8,60,1,11:32:01,0,0,0,0,
11:37:06,795,435,795,435,81,83,81,30,9,21,23.00,2,8,60,1,11:32:01,0,0,0,0,
11:37:07,795,435,795,435,81,82,82,30,9,21,23.00,2,8,60,1,11:32:01,0,0,0,0,
11:37:08,795,435,795,435,81,82,81,30,9,21,23.00,2,8,60,1,11:32:01,0,0,0,0,
11:37:09,795,435,795,435,81,82,81,30,9,21,23.00,2,8,60,1,11:32:01,0,0,0,0,
11:37:10,795,435,795,435,81,82,81,30,9,21,23.00,2,8,60,1,11:32:01,0,0,0,0,
11:37:11,795,435,795,435,81,82,81,30,9,21,23.00,2,8,60,1,11:32:01,0,0,0,0,
11:37:12,795,435,795,435,81,82,81,30,9,21,23.00,2,8,60,1,11:32:01,0,0,0,0,
11:37:13,795,435,795,435,81,83,81,30,9,21,23.00,2,8,60,1,11:32:01,0,0,0,0,
11:37:14,795,435,795,435,81,82,82,30,9,21,23.00,2,8,60,1,11:32:01,0,0,0,0,
11:37:15,795,435,795,435,81,82,81,30,9,21,23.00,2,8,60,1,11:32:01,0,0,0,0,
11:37:16,795,435,795,435,81,82,81,30,9,21,23.00,2,8,60,1,11:32:01,0,0,0,0,
11:37:17,795,435,795,435,81,82,81,30,9,21,23.00,2,8,60,1,11:32:01,0,0,0,0,
11:37:18,795,435,795,435,52,54,81,30,9,21,23.00,2,8,60,1,11:32:01,0,0,0,0,
11:37:19,795,435,795,435,20,22,53,30,9,21,23.00,2,8,60,1,11:32:01,0,0,0,0,
11:37:20,795,435,795,435,16,18,21,30,9,21,23.00,3,8,60,1,11:37:19,1,59,60,1,
11:37:21,795,435,795,435,12,14,17,30,9,21,23.00,3,8,60,1,11:37:19,1,58,60,1,
11:37:22,795,435,795,435,12,13,13,30,9,21,23.00,3,8,60,1,11:37:19,1,57,60,1,
11:37:23,795,435,795,435,11,13,12,30,9,21,23.00,3,8,60,1,11:37:19,1,56,60,1,
11:37:24,795,435,795,435,80,82,12,30,9,21,23.00,3,8,60,1,11:37:19,1,55,60,1,
11:37:25,795,435,795,435,80,81,81,30,9,21,23.00,3,8,60,1,11:37:19,1,54,60,1,
11:37:26,795,435,795,435,80,82,80,30,9,21,23.00,3,8,60,1,11:37:19,1,53,60,1,
11:37:27,795,435,795,435,80,82,81,30,9,21,23.00,3,8,60,1,11:37:19,1,52,60,1,
11:37:28,795,435,795,435,81,82,81,30,9,21,23.00,3,8,60,1,11:37:19,1,51,60,1,
11:37:29,795,435,795,435,81,82,81,30,9,21,23.00,3,8,60,1,11:37:19,1,50,60,1,
11:37:30,795,435,795,435,80,82,81,30,9,21,23.00,3,8,60,1,11:37:19,1,49,60,1,
11:37:31,795,435,795,435,80,82,81,30,9,21,23.00,3,8,60,1,11:37:19,1,48,60,1,
11:37:32,795,435,795,435,80,81,81,30,9,21,23.00,3,8,60,1,11:37:19,1,47,60,1,
11:37:33,795,435,795,435,80,82,80,30,9,21,23.00,3,8,60,1,11:37:19,1,46,60,1,
11:37:34,795,435,795,435,81,82,81,30,9,21,23.00,3,8,60,1,11:37:19,1,45,60,1,
11:37:35,795,435,795,435,80,82,81,30,9,21,23.00,3,8,60,1,11:37:19,1,44,60,1,
11:37:36,795,435,795,435,80,82,81,30,9,21,23.00,3,8,60,1,11:37:19,1,43,60,1,
11:37:37,795,435,795,435,80,82,81,30,9,21,23.00,3,8,60,1,11:37:19,1,42,60,1,
11:37:38,795,435,795,435,80,82,81,30,9,21,23.00,3,8,60,1,11:37:19,1,41,60,1,
11:37:39,795,435,795,435,80,81,81,30,9,21,23.00,3,8,60,1,11:37:19,1,40,60,1,
11:37:40,795,435,795,435,80,82,80,30,9,21,23.00,3,8,60,1,11:37:19,1,39,60,1,
11:37:41,795,435,795,435,80,82,81,30,9,21,23.00,3,8,60,1,11:37:19,1,38,60,1,
11:37:42,795,435,795,435,80,82,81,30,9,21,23.00,3,8,60,1,11:37:19,1,37,60,1,
11:37:43,795,435,795,435,80,82,81,30,9,21,23.00,3,8,60,1,11:37:19,1,36,60,1,
11:37:44,795,435,795,435,80,81,81,30,9,21,23.25,3,8,60,1,11:37:19,1,35,60,1,
11:37:45,795,435,795,435,80,82,80,30,9,21,23.00,3,8,60,1,11:37:19,1,34,60,1,
11:37:46,795,435,795,435,80,81,81,30,9,21,23.25,3,8,60,1,11:37:19,1,33,60,1,
11:37:47,795,435,795,435,80,82,80,30,9,21,23.25,3,8,60,1,11:37:19,1,32,60,1,
11:37:48,795,435,795,435,80,82,81,30,9,21,23.00,3,8,60,1,11:37:19,1,31,60,1,
11:37:49,795,435,795,435,80,82,81,30,9,21,23.00,3,8,60,1,11:37:19,1,30,60,1,
11:37:50,795,435,795,435,80,82,81,30,9,21,23.00,3,8,60,1,11:37:19,1,29,60,1,
11:37:51,795,435,795,435,81,82,81,30,9,21,23.25,3,8,60,1,11:37:19,1,28,60,1,
11:37:52,795,435,795,435,80,82,81,30,9,21,23.00,3,8,60,1,11:37:19,1,27,60,1,
11:37:53,795,435,795,435,81,82,81,30,9,21,23.25,3,8,60,1,11:37:19,1,26,60,1,
11:37:54,795,435,795,435,80,82,81,30,9,21,23.25,3,8,60,1,11:37:19,1,25,60,1,
11:37:55,795,435,795,435,80,82,81,30,9,21,23.25,3,8,60,1,11:37:19,1,24,60,1,
11:37:56,795,435,795,435,80,82,81,30,9,21,23.25,3,8,60,1,11:37:19,1,23,60,1,
11:37:57,795,435,795,435,80,82,81,30,9,21,23.25,3,8,60,1,11:37:19,1,22,60,1,
11:37:58,795,435,795,435,80,82,81,30,9,21,23.25,3,8,60,1,11:37:19,1,21,60,1,
11:37:59,795,435,795,435,80,82,81,30,9,21,23.25,3,8,60,1,11:37:19,1,20,60,1,
11:38:00,795,435,795,435,80,81,81,30,9,21,23.25,3,8,60,1,11:37:19,1,19,60,1,
11:38:01,795,435,795,435,80,82,80,30,9,21,23.25,3,8,60,1,11:37:19,1,18,60,1,
11:38:02,795,435,795,435,80,81,81,30,9,21,23.00,3,8,60,1,11:37:19,1,17,60,1,
11:38:03,795,435,795,435,80,82,80,30,9,21,23.25,3,8,60,1,11:37:19,1,16,60,1,
11:38:04,795,435,795,435,80,82,81,30,9,21,23.25,3,8,60,1,11:37:19,1,15,60,1,
11:38:05,795,435,795,435,80,82,81,30,9,21,23.25,3,8,60,1,11:37:19,1,14,60,1,
11:38:06,795,435,795,435,80,82,81,30,9,21,23.25,3,8,60,1,11:37:19,1,13,60,1,
11:38:07,795,435,795,435,80,81,81,30,9,21,23.25,3,8,60,1,11:37:19,1,12,60,1,
11:38:08,795,435,795,435,80,82,80,30,9,21,23.25,3,8,60,1,11:37:19,1,11,60,1,
11:38:09,795,435,795,435,80,81,81,30,9,21,23.25,3,8,60,1,11:37:19,1,11,60,1,
11:38:10,795,435,795,435,80,82,80,30,9,21,23.25,3,8,60,1,11:37:19,1,10,60,1,
11:38:11,795,435,795,435,80,82,81,30,9,21,23.25,3,8,60,1,11:37:19,1,9,60,1,
11:38:12,795,435,795,435,80,82,81,30,9,21,23.25,3,8,60,1,11:37:19,1,7,60,1,
11:38:13,795,435,795,435,80,82,81,30,9,21,23.25,3,8,60,1,11:37:19,1,7,60,1,
11:38:14,795,435,795,435,80,81,81,30,9,21,23.25,3,8,60,1,11:37:19,1,5,60,1,
11:38:15,795,435,795,435,80,82,80,30,9,21,23.25,3,8,60,1,11:37:19,1,4,60,1,
11:38:16,795,435,795,435,80,82,81,30,9,21,23.25,3,8,60,1,11:37:19,1,4,60,1,
11:38:17,795,435,795,435,80,82,81,30,9,21,23.25,3,8,60,1,11:37:19,1,3,60,1,
11:38:18,795,435,795,435,80,82,81,30,9,21,23.25,3,8,60,1,11:37:19,1,2,60,1,
11:38:19,795,435,795,435,80,82,81,30,9,21,23.25,3,8,60,1,11:37:19,1,1,60,1,
11:38:20,795,435,795,435,80,82,81,30,9,21,23.25,3,8,60,1,11:37:19,1,0,60,1,
11:38:21,795,435,795,435,80,81,81,30,9,21,23.25,3,8,60,1,11:37:19,0,0,59,0,
11:38:22,795,435,795,435,80,81,80,30,9,21,23.25,3,8,60,1,11:37:19,0,0,58,0,
11:38:23,795,435,795,435,80,81,80,30,9,21,23.25,3,8,60,1,11:37:19,0,0,57,0,
11:38:24,795,435,795,435,80,82,80,30,9,21,23.25,3,8,60,1,11:37:19,0,0,56,0,
11:38:25,795,435,795,435,80,81,81,30,9,21,23.25,3,8,60,1,11:37:19,0,0,55,0,
11:38:26,795,435,795,435,80,82,80,30,9,21,23.50,3,8,60,1,11:37:19,0,0,54,0,
11:38:27,795,435,795,435,80,81,81,30,9,21,23.25,3,8,60,1,11:37:19,0,0,53,0,
11:38:28,795,435,795,435,80,82,80,30,9,21,23.25,3,8,60,1,11:37:19,0,0,52,0,
11:38:29,795,435,795,435,80,82,81,30,9,21,23.25,3,8,60,1,11:37:19,0,0,51,0,
11:38:30,795,435,795,435,80,81,81,30,9,21,23.25,3,8,60,1,11:37:19,0,0,50,0,
11:38:31,795,435,795,435,80,81,80,30,9,21,23.25,3,8,60,1,11:37:19,0,0,49,0,
11:38:32,795,435,795,435,80,81,80,30,9,21,23.25,3,8,60,1,11:37:19,0,0,48,0,
11:38:33,795,435,795,435,80,81,80,30,9,21,23.25,3,8,60,1,11:37:19,0,0,47,0,
11:38:34,795,435,795,435,80,81,80,30,9,21,23.25,3,8,60,1,11:37:19,0,0,46,0,
11:38:35,795,435,795,435,80,81,80,30,9,21,23.25,3,8,60,1,11:37:19,0,0,45,0,
11:38:36,795,435,795,435,80,82,80,30,9,21,23.25,3,8,60,1,11:37:19,0,0,44,0,
11:38:37,795,435,795,435,80,81,81,30,9,21,23.25,3,8,60,1,11:37:19,0,0,43,0,
11:38:38,795,435,795,435,80,82,80,30,9,21,23.25,3,8,60,1,11:37:19,0,0,42,0,
11:38:39,795,435,795,435,80,81,81,30,9,21,23.25,3,8,60,1,11:37:19,0,0,41,0,
11:38:40,795,435,795,435,80,81,80,30,9,21,23.25,3,8,60,1,11:37:19,0,0,40,0,
11:38:41,795,435,795,435,80,81,80,30,9,21,23.25,3,8,60,1,11:37:19,0,0,39,0,
11:38:42,795,435,795,435,80,81,80,30,9,21,23.25,3,8,60,1,11:37:19,0,0,38,0,
11:38:43,795,435,795,435,80,81,80,30,9,21,23.25,3,8,60,1,11:37:19,0,0,37,0,
11:38:44,795,435,795,435,80,81,80,30,9,21,23.25,3,8,60,1,11:37:19,0,0,36,0,
11:38:45,795,435,795,435,80,81,80,30,9,21,23.25,3,8,60,1,11:37:19,0,0,35,0,
11:38:46,795,435,795,435,80,81,80,30,9,21,23.50,3,8,60,1,11:37:19,0,0,34,0,
11:38:47,795,435,795,435,80,81,80,30,9,21,23.25,3,8,60,1,11:37:19,0,0,33,0,
11:38:48,795,435,795,435,80,82,80,30,9,21,23.25,3,8,60,1,11:37:19,0,0,32,0,
11:38:49,795,435,795,435,80,81,81,30,9,21,23.50,3,8,60,1,11:37:19,0,0,31,0,
11:38:50,795,435,795,435,80,81,80,30,9,21,23.50,3,8,60,1,11:37:19,0,0,30,0,
11:38:51,795,435,795,435,80,81,80,30,9,21,23.25,3,8,60,1,11:37:19,0,0,29,0,
11:38:52,795,435,795,435,80,81,80,30,9,21,23.25,3,8,60,1,11:37:19,0,0,28,0,
11:38:53,795,435,795,435,80,81,80,30,9,21,23.50,3,8,60,1,11:37:19,0,0,27,0,
11:38:54,795,435,795,435,80,81,80,30,9,21,23.25,3,8,60,1,11:37:19,0,0,26,0,
11:38:55,795,435,795,435,80,81,80,30,9,21,23.25,3,8,60,1,11:37:19,0,0,25,0,
11:38:56,795,435,795,435,80,81,80,30,9,21,23.25,3,8,60,1,11:37:19,0,0,24,0,
11:38:57,795,435,795,435,80,81,80,30,9,21,23.50,3,8,60,1,11:37:19,0,0,23,0,
11:38:58,795,435,795,435,80,81,80,30,9,21,23.50,3,8,60,1,11:37:19,0,0,22,0,
11:38:59,795,435,795,435,80,81,80,30,9,21,23.25,3,8,60,1,11:37:19,0,0,21,0,
11:39:00,795,435,795,435,80,81,80,30,9,21,23.50,3,8,60,1,11:37:19,0,0,20,0,
11:39:01,795,435,795,435,80,81,80,30,9,21,23.50,3,8,60,1,11:37:19,0,0,19,0,
11:39:02,795,435,795,435,80,82,80,30,9,21,23.25,3,8,60,1,11:37:19,0,0,18,0,
11:39:03,795,435,795,435,80,81,81,30,9,21,23.25,3,8,60,1,11:37:19,0,0,17,0,
11:39:04,795,435,795,435,80,81,80,30,9,21,23.50,3,8,60,1,11:37:19,0,0,16,0,
11:39:05,795,435,795,435,80,81,80,30,9,21,23.50,3,8,60,1,11:37:19,0,0,15,0,
11:39:06,795,435,795,435,80,82,80,30,9,21,23.50,3,8,60,1,11:37:19,0,0,14,0,
11:39:07,795,435,795,435,80,81,81,30,9,21,23.50,3,8,60,1,11:37:19,0,0,13,0,
11:39:08,795,435,795,435,80,81,80,30,9,21,23.25,3,8,60,1,11:37:19,0,0,12,0,
11:39:09,795,435,795,435,80,81,80,30,9,21,23.50,3,8,60,1,11:37:19,0,0,11,0,
11:39:10,795,435,795,435,80,82,80,30,9,21,23.50,3,8,60,1,11:37:19,0,0,10,0,
11:39:11,795,435,795,435,80,81,81,30,9,21,23.50,3,8,60,1,11:37:19,0,0,9,0,
11:39:12,795,435,795,435,80,81,80,30,9,21,23.50,3,8,60,1,11:37:19,0,0,8,0,
11:39:13,795,435,795,435,80,81,80,30,9,21,23.50,3,8,60,1,11:37:19,0,0,7,0,
11:39:14,795,435,795,435,80,81,80,30,9,21,23.50,3,8,60,1,11:37:19,0,0,6,0,
11:39:15,795,435,795,435,80,81,80,30,9,21,23.50,3,8,60,1,11:37:19,0,0,5,0,
11:39:16,795,435,795,435,80,81,80,30,9,21,23.50,3,8,60,1,11:37:19,0,0,4,0,
11:39:17,795,435,795,435,80,81,80,30,9,21,23.50,3,8,60,1,11:37:19,0,0,3,0,
11:39:18,795,435,795,435,80,81,80,30,9,21,23.50,3,8,60,1,11:37:19,0,0,2,0,
11:39:19,795,435,795,435,80,81,80,30,9,21,23.50,3,8,60,1,11:37:19,0,0,1,0,
11:39:20,795,435,795,435,80,82,80,30,9,21,23.50,3,8,60,1,11:37:19,0,0,0,0,
11:39:21,795,435,795,435,80,81,81,30,9,21,23.50,3,8,60,1,11:37:19,0,0,0,0,
11:39:22,795,435,795,435,80,81,80,30,9,21,23.50,3,8,60,1,11:37:19,0,0,0,0,
11:39:23,795,435,795,435,80,81,80,30,9,21,23.50,3,8,60,1,11:37:19,0,0,0,0,
11:39:24,795,435,795,435,80,81,80,30,9,21,23.50,3,8,60,1,11:37:19,0,0,0,0,
11:39:25,795,435,795,435,80,81,80,30,9,21,23.50,3,8,60,1,11:37:19,0,0,0,0,
11:39:26,795,435,795,435,80,81,80,30,9,21,23.50,3,8,60,1,11:37:19,0,0,0,0,
11:39:27,795,435,795,435,80,81,80,30,9,21,23.50,3,8,60,1,11:37:19,0,0,0,0,
11:39:28,795,435,795,435,80,81,80,30,9,21,23.50,3,8,60,1,11:37:19,0,0,0,0,
11:39:29,795,435,795,435,80,81,80,30,9,21,23.50,3,8,60,1,11:37:19,0,0,0,0,
11:39:30,795,435,795,435,80,82,80,30,9,21,23.50,3,8,60,1,11:37:19,0,0,0,0,
11:39:31,795,435,795,435,80,81,81,30,9,21,23.50,3,8,60,1,11:37:19,0,0,0,0,
11:39:32,795,435,795,435,80,82,80,30,9,21,23.50,3,8,60,1,11:37:19,0,0,0,0,
11:39:33,795,435,795,435,80,81,81,30,9,21,23.50,3,8,60,1,11:37:19,0,0,0,0,
11:39:34,795,435,795,435,80,81,80,30,9,21,23.50,3,8,60,1,11:37:19,0,0,0,0,
11:39:35,795,435,795,435,80,81,80,30,9,21,23.50,3,8,60,1,11:37:19,0,0,0,0,
11:39:36,795,435,795,435,80,81,80,30,9,21,23.50,3,8,60,1,11:37:19,0,0,0,0,
11:39:37,795,435,795,435,80,81,80,30,9,21,23.50,3,8,60,1,11:37:19,0,0,0,0,
11:39:38,795,435,795,435,80,81,80,30,9,21,23.50,3,8,60,1,11:37:19,0,0,0,0,
11:39:39,795,435,795,435,80,81,80,30,9,21,23.50,3,8,60,1,11:37:19,0,0,0,0,
11:39:40,795,435,795,435,80,81,80,30,9,21,23.50,3,8,60,1,11:37:19,0,0,0,0,
11:39:41,795,435,795,435,80,81,80,30,9,21,23.50,3,8,60,1,11:37:19,0,0,0,0,
11:39:42,795,435,795,435,80,81,80,30,9,21,23.50,3,8,60,1,11:37:19,0,0,0,0,
11:39:43,795,435,795,435,80,81,80,30,9,21,23.50,3,8,60,1,11:37:19,0,0,0,0,
11:39:44,795,435,795,435,80,82,80,30,9,21,23.50,3,8,60,1,11:37:19,0,0,0,0,
11:39:45,795,435,795,435,80,81,81,30,9,21,23.50,3,8,60,1,11:37:19,0,0,0,0,
11:39:46,795,435,795,435,80,81,80,30,9,21,23.50,3,8,60,1,11:37:19,0,0,0,0,
11:39:47,795,435,795,435,80,81,80,30,9,21,23.50,3,8,60,1,11:37:19,0,0,0,0,
11:39:48,795,435,795,435,80,81,80,30,9,21,23.50,3,8,60,1,11:37:19,0,0,0,0,
11:39:49,795,435,795,435,80,81,80,30,9,21,23.50,3,8,60,1,11:37:19,0,0,0,0,
11:39:50,795,435,795,435,80,81,80,30,9,21,23.50,3,8,60,1,11:37:19,0,0,0,0,
11:39:51,795,435,795,435,80,81,80,30,9,21,23.50,3,8,60,1,11:37:19,0,0,0,0,
11:39:52,795,435,795,435,80,81,80,30,9,21,23.50,3,8,60,1,11:37:19,0,0,0,0,
11:39:53,795,435,795,435,80,81,80,30,9,21,23.50,3,8,60,1,11:37:19,0,0,0,0,
11:39:54,795,435,795,435,80,81,80,30,9,21,23.50,3,8,60,1,11:37:19,0,0,0,0,
11:39:55,795,435,795,435,80,81,80,30,9,21,23.50,3,8,60,1,11:37:19,0,0,0,0,
11:39:56,795,435,795,435,80,81,80,30,9,21,23.50,3,8,60,1,11:37:19,0,0,0,0,
11:39:57,795,435,795,435,80,81,80,30,9,21,23.50,3,8,60,1,11:37:19,0,0,0,0,
11:39:58,795,435,795,435,80,81,80,30,9,21,23.50,3,8,60,1,11:37:19,0,0,0,0,
11:39:59,795,435,795,435,80,81,80,30,9,21,23.50,3,8,60,1,11:37:19,0,0,0,0,
11:40:00,795,435,795,435,80,81,80,30,9,21,23.50,3,8,60,1,11:37:19,0,0,0,0,
11:40:01,795,435,795,435,80,81,80,30,9,21,23.50,3,8,60,1,11:37:19,0,0,0,0,
11:40:02,795,435,795,435,80,81,80,30,9,21,23.50,3,8,60,1,11:37:19,0,0,0,0,
11:40:03,795,435,795,435,80,81,80,30,9,21,23.50,3,8,60,1,11:37:19,0,0,0,0,
11:40:04,795,435,795,435,80,82,80,30,9,21,23.50,3,8,60,1,11:37:19,0,0,0,0,
11:40:05,795,435,795,435,80,81,81,30,9,21,23.50,3,8,60,1,11:37:19,0,0,0,0,
11:40:06,795,435,795,435,80,82,80,30,9,21,23.75,3,8,60,1,11:37:19,0,0,0,0,
11:40:07,795,435,795,435,80,82,81,30,9,21,23.50,3,8,60,1,11:37:19,0,0,0,0,
11:40:08,795,435,795,435,80,81,81,30,9,21,23.50,3,8,60,1,11:37:19,0,0,0,0,
11:40:09,795,435,795,435,80,81,80,30,9,21,23.50,3,8,60,1,11:37:19,0,0,0,0,
11:40:10,795,435,795,435,80,81,80,30,9,21,23.50,3,8,60,1,11:37:19,0,0,0,0,
11:40:11,795,435,795,435,80,82,80,30,9,21,23.50,3,8,60,1,11:37:19,0,0,0,0,
11:40:12,795,435,795,435,80,81,81,30,9,21,23.50,3,8,60,1,11:37:19,0,0,0,0,
11:40:13,795,435,795,435,80,82,80,30,9,21,23.75,3,8,60,1,11:37:19,0,0,0,0,
11:40:14,795,435,795,435,80,81,81,30,9,21,23.75,3,8,60,1,11:37:19,0,0,0,0,
11:40:15,795,435,795,435,80,82,80,30,9,21,23.75,3,8,60,1,11:37:19,0,0,0,0,
11:40:16,795,435,795,435,80,81,81,30,9,21,23.50,3,8,60,1,11:37:19,0,0,0,0,
11:40:17,795,435,795,435,80,81,80,30,9,21,23.50,3,8,60,1,11:37:19,0,0,0,0,
11:40:18,795,435,795,435,80,81,80,30,9,21,23.50,3,8,60,1,11:37:19,0,0,0,0,
11:40:19,795,435,795,435,80,81,80,30,9,21,23.50,3,8,60,1,11:37:19,0,0,0,0,
11:40:20,795,435,795,435,80,81,80,30,9,21,23.50,3,8,60,1,11:37:19,0,0,0,0,
11:40:21,795,435,795,435,80,82,80,30,9,21,23.50,3,8,60,1,11:37:19,0,0,0,0,
11:40:22,795,435,795,435,80,81,81,30,9,21,23.75,3,8,60,1,11:37:19,0,0,0,0,
11:40:23,795,435,795,435,80,81,80,30,9,21,23.50,3,8,60,1,11:37:19,0,0,0,0,
11:40:24,795,435,795,435,80,81,80,30,9,21,23.50,3,8,60,1,11:37:19,0,0,0,0,
11:40:25,795,435,795,435,80,81,80,30,9,21,23.50,3,8,60,1,11:37:19,0,0,0,0,
11:40:26,795,435,795,435,80,81,80,30,9,21,23.50,3,8,60,1,11:37:19,0,0,0,0,
11:40:27,795,435,795,435,80,81,80,30,9,21,23.50,3,8,60,1,11:37:19,0,0,0,0,
11:40:28,795,435,795,435,80,81,80,30,9,21,23.50,3,8,60,1,11:37:19,0,0,0,0,
11:40:29,795,435,795,435,80,81,80,30,9,21,23.50,3,8,60,1,11:37:19,0,0,0,0,
11:40:30,795,435,795,435,80,81,80,30,9,21,23.50,3,8,60,1,11:37:19,0,0,0,0,
11:40:31,795,435,795,435,80,82,80,30,9,21,23.50,3,8,60,1,11:37:19,0,0,0,0,
11:40:32,795,435,795,435,80,82,81,30,9,21,23.75,3,8,60,1,11:37:19,0,0,0,0,
11:40:33,795,435,795,435,80,81,81,30,9,21,23.50,3,8,60,1,11:37:19,0,0,0,0,
11:40:34,795,435,795,435,80,82,80,30,9,21,23.75,3,8,60,1,11:37:19,0,0,0,0,
11:40:35,795,435,795,435,80,82,81,30,9,21,23.75,3,8,60,1,11:37:19,0,0,0,0,
11:40:36,795,435,795,435,80,82,81,30,9,21,23.50,3,8,60,1,11:37:19,0,0,0,0,
11:40:37,795,435,795,435,80,82,81,30,9,21,23.50,3,8,60,1,11:37:19,0,0,0,0,
11:40:38,795,435,795,435,80,81,81,30,9,21,23.50,3,8,60,1,11:37:19,0,0,0,0,
11:40:39,795,435,795,435,80,81,80,30,9,21,23.75,3,8,60,1,11:37:19,0,0,0,0,
11:40:40,795,435,795,435,80,81,80,30,9,21,23.75,3,8,60,1,11:37:19,0,0,0,0,
11:40:41,795,435,795,435,80,82,80,30,9,21,23.50,3,8,60,1,11:37:19,0,0,0,0,
11:40:42,795,435,795,435,80,81,81,30,9,21,23.50,3,8,60,1,11:37:19,0,0,0,0,
11:40:43,795,435,795,435,80,81,80,30,9,21,23.75,3,8,60,1,11:37:19,0,0,0,0,
11:40:44,795,435,795,435,80,81,80,30,9,21,23.50,3,8,60,1,11:37:19,0,0,0,0,
11:40:45,795,435,795,435,80,81,80,30,9,21,23.50,3,8,60,1,11:37:19,0,0,0,0,
11:40:46,795,435,795,435,80,81,80,30,9,21,23.75,3,8,60,1,11:37:19,0,0,0,0,
11:40:47,795,435,795,435,80,81,80,30,9,21,23.50,3,8,60,1,11:37:19,0,0,0,0,
11:40:48,795,435,795,435,80,82,80,30,9,21,23.75,3,8,60,1,11:37:19,0,0,0,0,
11:40:49,795,435,795,435,80,81,81,30,9,21,23.75,3,8,60,1,11:37:19,0,0,0,0,
11:40:50,795,435,795,435,80,82,80,30,9,21,23.75,3,8,60,1,11:37:19,0,0,0,0,
11:40:51,795,435,795,435,80,81,81,30,9,21,23.75,3,8,60,1,11:37:19,0,0,0,0,
11:40:52,795,435,795,435,80,81,80,30,9,21,23.50,3,8,60,1,11:37:19,0,0,0,0,
11:40:53,795,435,795,435,80,81,80,30,9,21,23.75,3,8,60,1,11:37:19,0,0,0,0,
11:40:54,795,435,795,435,80,81,80,30,9,21,23.50,3,8,60,1,11:37:19,0,0,0,0,
11:40:55,795,435,795,435,80,81,80,30,9,21,23.50,3,8,60,1,11:37:19,0,0,0,0,
11:40:56,795,435,795,435,80,81,80,30,9,21,23.50,3,8,60,1,11:37:19,0,0,0,0,
11:40:57,795,435,795,435,80,81,80,30,9,21,23.50,3,8,60,1,11:37:19,0,0,0,0,
11:40:58,795,435,795,435,80,82,80,30,9,21,23.50,3,8,60,1,11:37:19,0,0,0,0,
11:40:59,795,435,795,435,80,81,81,30,9,21,23.50,3,8,60,1,11:37:19,0,0,0,0,
11:41:00,795,435,795,435,80,81,80,30,9,21,23.50,3,8,60,1,11:37:19,0,0,0,0,
11:41:01,795,435,795,435,80,81,80,30,9,21,23.75,3,8,60,1,11:37:19,0,0,0,0,
11:41:02,795,435,795,435,80,81,80,30,9,21,23.75,3,8,60,1,11:37:19,0,0,0,0,
11:41:03,795,435,795,435,80,81,80,30,9,21,23.50,3,8,60,1,11:37:19,0,0,0,0,
11:41:04,795,435,795,435,80,81,80,30,9,21,23.75,3,8,60,1,11:37:19,0,0,0,0,
11:41:05,795,435,795,435,80,82,80,30,9,21,23.75,3,8,60,1,11:37:19,0,0,0,0,
11:41:06,795,435,795,435,80,81,81,30,9,21,23.50,3,8,60,1,11:37:19,0,0,0,0,
11:41:07,795,435,795,435,80,82,80,30,9,21,23.75,3,8,60,1,11:37:19,0,0,0,0,
11:41:08,795,435,795,435,80,81,81,30,9,21,23.50,3,8,60,1,11:37:19,0,0,0,0,
11:41:09,795,435,795,435,80,82,80,30,9,21,23.75,3,8,60,1,11:37:19,0,0,0,0,
11:41:10,795,435,795,435,80,81,81,30,9,21,23.50,3,8,60,1,11:37:19,0,0,0,0,
11:41:11,795,435,795,435,80,82,80,30,9,21,23.75,3,8,60,1,11:37:19,0,0,0,0,
11:41:12,795,435,795,435,80,81,81,30,9,21,23.50,3,8,60,1,11:37:19,0,0,0,0,
11:41:13,795,435,795,435,80,81,80,30,9,21,23.50,3,8,60,1,11:37:19,0,0,0,0,
11:41:14,795,435,795,435,80,81,80,30,9,21,23.50,3,8,60,1,11:37:19,0,0,0,0,
11:41:15,795,435,795,435,80,81,80,30,9,21,23.50,3,8,60,1,11:37:19,0,0,0,0,
11:41:16,795,435,795,435,80,81,80,30,9,21,23.50,3,8,60,1,11:37:19,0,0,0,0,
11:41:17,795,435,795,435,80,81,80,30,9,21,23.75,3,8,60,1,11:37:19,0,0,0,0,
11:41:18,795,435,795,435,80,81,80,30,9,21,23.50,3,8,60,1,11:37:19,0,0,0,0,
11:41:19,795,435,795,435,80,82,80,30,9,21,23.75,3,8,60,1,11:37:19,0,0,0,0,
11:41:20,795,435,795,435,80,81,81,30,9,21,23.75,3,8,60,1,11:37:19,0,0,0,0,
11:41:21,795,435,795,435,80,81,80,30,9,21,23.50,3,8,60,1,11:37:19,0,0,0,0,
11:41:22,795,435,795,435,80,81,80,30,9,21,23.75,3,8,60,1,11:37:19,0,0,0,0,
11:41:23,795,435,795,435,80,82,80,30,9,21,23.50,3,8,60,1,11:37:19,0,0,0,0,
11:41:24,795,435,795,435,80,81,81,30,9,21,23.75,3,8,60,1,11:37:19,0,0,0,0,
11:41:25,795,435,795,435,80,82,80,30,9,21,23.50,3,8,60,1,11:37:19,0,0,0,0,
11:41:26,795,435,795,435,80,82,81,30,9,21,23.75,3,8,60,1,11:37:19,0,0,0,0,
11:41:27,795,435,795,435,80,82,81,30,9,21,23.75,3,8,60,1,11:37:19,0,0,0,0,
11:41:28,795,435,795,435,80,82,81,30,9,21,23.75,3,8,60,1,11:37:19,0,0,0,0,
11:41:29,795,435,795,435,80,82,81,30,9,21,23.75,3,8,60,1,11:37:19,0,0,0,0,
11:41:30,795,435,795,435,80,82,81,30,9,21,23.75,3,8,60,1,11:37:19,0,0,0,0,
11:41:31,795,435,795,435,80,82,81,30,9,21,23.75,3,8,60,1,11:37:19,0,0,0,0,
11:41:32,795,435,795,435,80,82,81,30,9,21,23.50,3,8,60,1,11:37:19,0,0,0,0,
11:41:33,795,435,795,435,80,82,81,30,9,21,23.50,3,8,60,1,11:37:19,0,0,0,0,
11:41:34,795,435,795,435,80,82,81,30,9,21,23.75,3,8,60,1,11:37:19,0,0,0,0,
11:41:35,795,435,795,435,80,82,81,30,9,21,23.75,3,8,60,1,11:37:19,0,0,0,0,
11:41:36,795,435,795,435,80,82,81,30,9,21,23.75,3,8,60,1,11:37:19,0,0,0,0,
11:41:37,795,435,795,435,80,82,81,30,9,21,23.75,3,8,60,1,11:37:19,0,0,0,0,
11:41:38,795,435,795,435,80,82,81,30,9,21,23.50,3,8,60,1,11:37:19,0,0,0,0,
11:41:39,795,435,795,435,80,82,81,30,9,21,23.75,3,8,60,1,11:37:19,0,0,0,0,
11:41:40,795,435,795,435,80,82,81,30,9,21,23.50,3,8,60,1,11:37:19,0,0,0,0,
11:41:41,795,435,795,435,80,82,81,30,9,21,23.75,3,8,60,1,11:37:19,0,0,0,0,
11:41:42,795,435,795,435,80,82,81,30,9,21,23.75,3,8,60,1,11:37:19,0,0,0,0,
11:41:43,795,435,795,435,80,82,81,30,9,21,23.50,3,8,60,1,11:37:19,0,0,0,0,
11:41:44,795,435,795,435,80,82,81,30,9,21,23.75,3,8,60,1,11:37:19,0,0,0,0,
11:41:45,795,435,795,435,80,82,81,30,9,21,23.50,3,8,60,1,11:37:19,0,0,0,0,
11:41:46,795,435,795,435,80,82,81,30,9,21,23.50,3,8,60,1,11:37:19,0,0,0,0,
11:41:47,795,435,795,435,80,82,81,30,9,21,23.75,3,8,60,1,11:37:19,0,0,0,0,
11:41:48,795,435,795,435,80,82,81,30,9,21,23.50,3,8,60,1,11:37:19,0,0,0,0,
11:41:49,795,435,795,435,80,82,81,30,9,21,23.75,3,8,60,1,11:37:19,0,0,0,0,
11:41:50,795,435,795,435,80,82,81,30,9,21,23.50,3,8,60,1,11:37:19,0,0,0,0,
11:41:51,795,435,795,435,80,82,81,30,9,21,23.75,3,8,60,1,11:37:19,0,0,0,0,
11:41:52,795,435,795,435,80,81,81,30,9,21,23.75,3,8,60,1,11:37:19,0,0,0,0,
11:41:53,795,435,795,435,80,82,80,30,9,21,23.75,3,8,60,1,11:37:19,0,0,0,0,
11:41:54,795,435,795,435,80,82,81,30,9,21,23.75,3,8,60,1,11:37:19,0,0,0,0,
11:41:55,795,435,795,435,80,82,81,30,9,21,23.50,3,8,60,1,11:37:19,0,0,0,0,
11:41:56,795,435,795,435,80,82,81,30,9,21,23.75,3,8,60,1,11:37:19,0,0,0,0,
11:41:57,795,435,795,435,80,82,81,30,9,21,23.50,3,8,60,1,11:37:19,0,0,0,0,
11:41:58,795,435,795,435,80,82,81,30,9,21,23.75,3,8,60,1,11:37:19,0,0,0,0,
11:41:59,795,435,795,435,80,82,81,30,9,21,23.75,3,8,60,1,11:37:19,0,0,0,0,
11:42:00,795,435,795,435,80,82,81,30,9,21,23.75,3,8,60,1,11:37:19,0,0,0,0,
11:42:01,795,435,795,435,80,82,81,30,9,21,23.50,3,8,60,1,11:37:19,0,0,0,0,
11:42:02,795,435,795,435,80,82,81,30,9,21,23.75,3,8,60,1,11:37:19,0,0,0,0,
11:42:03,795,435,795,435,80,82,81,30,9,21,23.75,3,8,60,1,11:37:19,0,0,0,0,
11:42:04,795,435,795,435,80,82,81,30,9,21,23.50,3,8,60,1,11:37:19,0,0,0,0,
11:42:05,795,435,795,435,80,82,81,30,9,21,23.75,3,8,60,1,11:37:19,0,0,0,0,
11:42:06,795,435,795,435,80,82,81,30,9,21,23.50,3,8,60,1,11:37:19,0,0,0,0,
11:42:07,795,435,795,435,80,82,81,30,9,21,23.75,3,8,60,1,11:37:19,0,0,0,0,
11:42:08,795,435,795,435,80,82,81,30,9,21,23.75,3,8,60,1,11:37:19,0,0,0,0,
11:42:09,795,435,795,435,80,82,81,30,9,21,23.75,3,8,60,1,11:37:19,0,0,0,0,
11:42:10,795,435,795,435,80,82,81,30,9,21,23.75,3,8,60,1,11:37:19,0,0,0,0,
11:42:11,795,435,795,435,80,82,81,30,9,21,23.50,3,8,60,1,11:37:19,0,0,0,0,
11:42:12,795,435,795,435,80,82,81,30,9,21,23.75,3,8,60,1,11:37:19,0,0,0,0,
11:42:13,795,435,795,435,80,81,81,30,9,21,23.50,3,8,60,1,11:37:19,0,0,0,0,
11:42:14,795,435,795,435,80,82,80,30,9,21,23.75,3,8,60,1,11:37:19,0,0,0,0,
11:42:15,795,435,795,435,80,81,81,30,9,21,23.75,3,8,60,1,11:37:19,0,0,0,0,
11:42:16,795,435,795,435,80,82,80,30,9,21,23.50,3,8,60,1,11:37:19,0,0,0,0,
11:42:17,795,435,795,435,80,82,81,30,9,21,23.75,3,8,60,1,11:37:19,0,0,0,0,
11:42:18,795,435,795,435,80,82,81,30,9,21,23.75,3,8,60,1,11:37:19,0,0,0,0,
11:42:19,795,435,795,435,80,82,81,30,9,21,23.75,3,8,60,1,11:37:19,0,0,0,0,
11:42:20,795,435,795,435,80,82,81,30,9,21,23.75,3,8,60,1,11:37:19,0,0,0,0,
11:42:21,795,435,795,435,80,82,81,30,9,21,23.50,3,8,60,1,11:37:19,0,0,0,0,
11:42:22,795,435,795,435,80,81,81,30,9,21,23.75,3,8,60,1,11:37:19,0,0,0,0,
11:42:23,795,435,795,435,80,82,80,30,9,21,23.75,3,8,60,1,11:37:19,0,0,0,0,
11:42:24,795,435,795,435,80,82,81,30,9,21,23.75,3,8,60,1,11:37:19,0,0,0,0,
11:42:25,795,435,795,435,80,82,81,30,9,21,23.75,3,8,60,1,11:37:19,0,0,0,0,
11:42:26,795,435,795,435,80,81,81,30,9,21,23.50,3,8,60,1,11:37:19,0,0,0,0,
11:42:27,795,435,795,435,80,81,80,30,9,21,23.50,3,8,60,1,11:37:19,0,0,0,0,
11:42:28,795,435,795,435,80,82,80,30,9,21,23.75,3,8,60,1,11:37:19,0,0,0,0,
11:42:29,795,435,795,435,80,82,81,30,9,21,23.75,3,8,60,1,11:37:19,0,0,0,0,
11:42:30,795,435,795,435,80,82,81,30,9,21,23.50,3,8,60,1,11:37:19,0,0,0,0,
11:42:31,795,435,795,435,80,82,81,30,9,21,23.75,3,8,60,1,11:37:19,0,0,0,0,
11:42:32,795,435,795,435,80,82,81,30,9,21,23.75,3,8,60,1,11:37:19,0,0,0,0,
11:42:33,795,435,795,435,80,81,81,30,9,21,23.75,3,8,60,1,11:37:19,0,0,0,0,
11:42:34,795,435,795,435,80,81,80,30,9,21,23.75,3,8,60,1,11:37:19,0,0,0,0,
11:42:35,795,435,795,435,80,81,80,30,9,21,23.75,3,8,60,1,11:37:19,0,0,0,0,
11:42:36,795,435,795,435,80,81,80,30,9,21,23.75,3,8,60,1,11:37:19,0,0,0,0,
11:42:37,795,435,795,435,80,82,80,30,9,21,23.75,3,8,60,1,11:37:19,0,0,0,0,
11:42:38,795,435,795,435,80,82,81,30,9,21,23.75,3,8,60,1,11:37:19,0,0,0,0,
11:42:39,795,435,795,435,80,82,81,30,9,21,23.75,3,8,60,1,11:37:19,0,0,0,0,
11:42:40,795,435,795,435,80,82,81,30,9,21,23.75,3,8,60,1,11:37:19,0,0,0,0,
11:42:41,795,435,795,435,80,82,81,30,9,21,23.75,3,8,60,1,11:37:19,0,0,0,0,
11:42:42,795,435,795,435,80,82,81,30,9,21,23.75,3,8,60,1,11:37:19,0,0,0,0,
11:42:43,795,435,795,435,80,81,81,30,9,21,23.75,3,8,60,1,11:37:19,0,0,0,0,
11:42:44,795,435,795,435,80,82,80,30,9,21,23.75,3,8,60,1,11:37:19,0,0,0,0,
11:42:45,795,435,795,435,80,82,81,30,9,21,23.75,3,8,60,1,11:37:19,0,0,0,0,
11:42:46,795,435,795,435,80,82,81,30,9,21,23.75,3,8,60,1,11:37:19,0,0,0,0,
11:42:47,795,435,795,435,80,82,81,30,9,21,23.75,3,8,60,1,11:37:19,0,0,0,0,
11:42:48,795,435,795,435,80,82,81,30,9,21,23.75,3,8,60,1,11:37:19,0,0,0,0,
11:42:49,795,435,795,435,80,82,81,30,9,21,23.75,3,8,60,1,11:37:19,0,0,0,0,
11:42:50,795,435,795,435,80,82,81,30,9,21,23.75,3,8,60,1,11:37:19,0,0,0,0,
11:42:51,795,435,795,435,81,82,81,30,9,21,23.75,3,8,60,1,11:37:19,0,0,0,0,
11:42:52,795,435,795,435,80,82,81,30,9,21,23.75,3,8,60,1,11:37:19,0,0,0,0,
11:42:53,795,435,795,435,81,82,81,30,9,21,23.75,3,8,60,1,11:37:19,0,0,0,0,
11:42:54,795,435,795,435,80,82,81,30,9,21,23.75,3,8,60,1,11:37:19,0,0,0,0,
11:42:55,795,435,795,435,80,82,81,30,9,21,23.75,3,8,60,1,11:37:19,0,0,0,0,
11:42:56,795,435,795,435,80,82,81,30,9,21,23.75,3,8,60,1,11:37:19,0,0,0,0,
11:42:57,795,435,795,435,80,82,81,30,9,21,23.75,3,8,60,1,11:37:19,0,0,0,0,
11:42:58,795,435,795,435,81,82,81,30,9,21,23.75,3,8,60,1,11:37:19,0,0,0,0,
11:42:59,795,435,795,435,81,82,81,30,9,21,23.75,3,8,60,1,11:37:19,0,0,0,0,
11:43:00,795,435,795,435,81,82,81,30,9,21,23.75,3,8,60,1,11:37:19,0,0,0,0,
11:43:01,795,435,795,435,81,82,81,30,9,21,23.75,3,8,60,1,11:37:19,0,0,0,0,
11:43:02,795,435,795,435,81,82,81,30,9,21,23.75,3,8,60,1,11:37:19,0,0,0,0,
11:43:03,795,435,795,435,80,82,81,30,9,21,23.75,3,8,60,1,11:37:19,0,0,0,0,
11:43:04,795,435,795,435,80,82,81,30,9,21,23.75,3,8,60,1,11:37:19,0,0,0,0,
11:43:05,795,435,795,435,81,82,81,30,9,21,23.75,3,8,60,1,11:37:19,0,0,0,0,
11:43:06,795,435,795,435,80,82,81,30,9,21,23.75,3,8,60,1,11:37:19,0,0,0,0,
11:43:07,795,435,795,435,81,82,81,30,9,21,23.75,3,8,60,1,11:37:19,0,0,0,0,
11:43:08,795,435,795,435,81,82,81,30,9,21,23.75,3,8,60,1,11:37:19,0,0,0,0,
11:43:09,795,435,795,435,80,82,81,30,9,21,23.75,3,8,60,1,11:37:19,0,0,0,0,
11:43:10,795,435,795,435,80,82,81,30,9,21,23.75,3,8,60,1,11:37:19,0,0,0,0,
11:43:11,795,435,795,435,80,82,81,30,9,21,23.75,3,8,60,1,11:37:19,0,0,0,0,
11:43:12,795,435,795,435,81,82,81,30,9,21,23.75,3,8,60,1,11:37:19,0,0,0,0,
11:43:13,795,435,795,435,80,82,81,30,9,21,23.75,3,8,60,1,11:37:19,0,0,0,0,
11:43:14,795,435,795,435,80,82,81,30,9,21,23.75,3,8,60,1,11:37:19,0,0,0,0,
11:43:15,795,435,795,435,80,82,81,30,9,21,23.75,3,8,60,1,11:37:19,0,0,0,0,
11:43:16,795,435,795,435,81,82,81,30,9,21,24.00,3,8,60,1,11:37:19,0,0,0,0,
11:43:17,795,435,795,435,80,82,81,30,9,21,23.75,3,8,60,1,11:37:19,0,0,0,0,
11:43:18,795,435,795,435,80,82,81,30,9,21,23.75,3,8,60,1,11:37:19,0,0,0,0,
11:43:19,795,435,795,435,80,82,81,30,9,21,23.75,3,8,60,1,11:37:19,0,0,0,0,
11:43:20,795,435,795,435,80,82,81,30,9,21,23.75,3,8,60,1,11:37:19,0,0,0,0,
11:43:21,795,435,795,435,81,82,81,30,9,21,24.00,3,8,60,1,11:37:19,0,0,0,0,
11:43:22,795,435,795,435,81,82,81,30,9,21,23.75,3,8,60,1,11:37:19,0,0,0,0,
11:43:23,795,435,795,435,81,82,81,30,9,21,23.75,3,8,60,1,11:37:19,0,0,0,0,
11:43:24,795,435,795,435,81,82,81,30,9,21,23.75,3,8,60,1,11:37:19,0,0,0,0,
11:43:25,795,435,795,435,81,82,81,30,9,21,23.75,3,8,60,1,11:37:19,0,0,0,0,
11:43:26,795,435,795,435,81,82,81,30,9,21,23.75,3,8,60,1,11:37:19,0,0,0,0,
11:43:27,795,435,795,435,80,82,81,30,9,21,23.75,3,8,60,1,11:37:19,0,0,0,0,
11:43:28,795,435,795,435,81,82,81,30,9,21,23.75,3,8,60,1,11:37:19,0,0,0,0,
11:43:29,795,435,795,435,81,82,81,30,9,21,23.75,3,8,60,1,11:37:19,0,0,0,0,
11:43:30,795,435,795,435,80,82,81,30,9,21,24.00,3,8,60,1,11:37:19,0,0,0,0,
11:43:31,795,435,795,435,80,82,81,30,9,21,23.75,3,8,60,1,11:37:19,0,0,0,0,
11:43:32,795,435,795,435,81,82,81,30,9,21,23.75,3,8,60,1,11:37:19,0,0,0,0,
11:43:33,795,435,795,435,80,82,81,30,9,21,23.75,3,8,60,1,11:37:19,0,0,0,0,
11:43:34,795,435,795,435,80,82,81,30,9,21,23.75,3,8,60,1,11:37:19,0,0,0,0,
11:43:35,795,435,795,435,81,82,81,30,9,21,23.75,3,8,60,1,11:37:19,0,0,0,0,
11:43:36,795,435,795,435,81,82,81,30,9,21,23.75,3,8,60,1,11:37:19,0,0,0,0,
11:43:37,795,435,795,435,80,82,81,30,9,21,23.75,3,8,60,1,11:37:19,0,0,0,0,
11:43:38,795,435,795,435,81,82,81,30,9,21,23.75,3,8,60,1,11:37:19,0,0,0,0,
11:43:39,795,435,795,435,81,82,81,30,9,21,23.75,3,8,60,1,11:37:19,0,0,0,0,
11:43:40,795,435,795,435,81,82,81,30,9,21,23.75,3,8,60,1,11:37:19,0,0,0,0,
11:43:41,795,435,795,435,80,82,81,30,9,21,23.75,3,8,60,1,11:37:19,0,0,0,0,
11:43:42,795,435,795,435,81,82,81,30,9,21,24.00,3,8,60,1,11:37:19,0,0,0,0,
11:43:43,795,435,795,435,81,82,81,30,9,21,23.75,3,8,60,1,11:37:19,0,0,0,0,
11:43:44,795,435,795,435,81,82,81,30,9,21,23.75,3,8,60,1,11:37:19,0,0,0,0,
11:43:45,795,435,795,435,81,82,81,30,9,21,23.75,3,8,60,1,11:37:19,0,0,0,0,
11:43:46,795,435,795,435,81,82,81,30,9,21,23.75,3,8,60,1,11:37:19,0,0,0,0,
11:43:47,795,435,795,435,62,64,81,30,9,21,23.75,3,8,60,1,11:37:19,0,0,0,0,
11:43:48,795,435,795,435,23,26,63,30,9,21,23.75,3,8,60,1,11:37:19,0,0,0,0,
11:43:49,795,435,795,435,18,20,24,30,9,21,23.75,4,8,60,1,11:43:48,1,59,60,1,
11:43:50,795,435,795,435,17,19,19,30,9,21,23.75,4,8,60,1,11:43:48,1,58,60,1,
11:43:51,795,435,795,435,16,18,18,30,9,21,23.75,4,8,60,1,11:43:48,1,57,60,1,
11:43:52,795,435,795,435,16,17,17,30,9,21,23.75,4,8,60,1,11:43:48,1,56,60,1,
11:43:53,795,435,795,435,15,17,16,30,9,21,23.75,4,8,60,1,11:43:48,1,55,60,1,
11:43:54,795,435,795,435,15,17,16,30,9,21,23.75,4,8,60,1,11:43:48,1,54,60,1,
11:43:55,795,435,795,435,15,16,16,30,9,21,23.75,4,8,60,1,11:43:48,1,53,60,1,
11:43:56,795,435,795,435,14,16,15,30,9,21,23.75,4,8,60,1,11:43:48,1,52,60,1,
11:43:57,795,435,795,435,12,14,15,30,9,21,23.75,4,8,60,1,11:43:48,1,51,60,1,
11:43:58,795,435,795,435,12,14,13,30,9,21,23.75,4,8,60,1,11:43:48,1,50,60,1,
11:43:59,795,435,795,435,12,14,13,30,9,21,24.00,4,8,60,1,11:43:48,1,49,60,1,
11:44:00,795,435,795,435,12,14,13,30,9,21,23.75,4,8,60,1,11:43:48,1,48,60,1,
11:44:01,795,435,795,435,12,14,13,30,9,21,23.75,4,8,60,1,11:43:48,1,47,60,1,
11:44:02,795,435,795,435,12,14,13,30,9,21,23.75,4,8,60,1,11:43:48,1,46,60,1,
11:44:03,795,435,795,435,22,24,13,30,9,21,24.00,4,8,60,1,11:43:48,1,45,60,1,
11:44:04,795,435,795,435,71,72,23,30,9,21,23.75,4,8,60,1,11:43:48,1,44,60,1,
11:44:05,795,435,795,435,80,81,71,30,9,21,24.00,4,8,60,1,11:43:48,1,43,60,1,
11:44:06,795,435,795,435,80,81,80,30,9,21,23.75,4,8,60,1,11:43:48,1,42,60,1,
11:44:07,795,435,795,435,80,82,80,30,9,21,23.75,4,8,60,1,11:43:48,1,41,60,1,
11:44:08,795,435,795,435,80,82,81,30,9,21,23.75,4,8,60,1,11:43:48,1,40,60,1,
11:44:09,795,435,795,435,80,81,81,30,9,21,24.00,4,8,60,1,11:43:48,1,39,60,1,
11:44:10,795,435,795,435,80,82,80,30,9,21,23.75,4,8,60,1,11:43:48,1,38,60,1,
11:44:11,795,435,795,435,80,82,81,30,9,21,23.75,4,8,60,1,11:43:48,1,37,60,1,
11:44:12,795,435,795,435,80,82,81,30,9,21,23.75,4,8,60,1,11:43:48,1,36,60,1,
11:44:13,795,435,795,435,80,82,81,30,9,21,24.00,4,8,60,1,11:43:48,1,35,60,1,
11:44:14,795,435,795,435,80,82,81,30,9,21,23.75,4,8,60,1,11:43:48,1,34,60,1,
11:44:15,795,435,795,435,80,82,81,30,9,21,24.00,4,8,60,1,11:43:48,1,33,60,1,
11:44:16,795,435,795,435,80,82,81,30,9,21,23.75,4,8,60,1,11:43:48,1,32,60,1,
11:44:17,795,435,795,435,80,82,81,30,9,21,24.00,4,8,60,1,11:43:48,1,31,60,1,
11:44:18,795,435,795,435,80,82,81,30,9,21,24.00,4,8,60,1,11:43:48,1,30,60,1,
11:44:19,795,435,795,435,80,82,81,30,9,21,24.00,4,8,60,1,11:43:48,1,29,60,1,
11:44:20,795,435,795,435,80,82,81,30,9,21,23.75,4,8,60,1,11:43:48,1,28,60,1,
11:44:21,795,435,795,435,80,82,81,30,9,21,23.75,4,8,60,1,11:43:48,1,27,60,1,
11:44:22,795,435,795,435,80,82,81,30,9,21,23.75,4,8,60,1,11:43:48,1,26,60,1,
11:44:23,795,435,795,435,80,82,81,30,9,21,24.00,4,8,60,1,11:43:48,1,25,60,1,
11:44:24,795,435,795,435,80,82,81,30,9,21,24.00,4,8,60,1,11:43:48,1,24,60,1,
11:44:25,795,435,795,435,80,82,81,30,9,21,24.00,4,8,60,1,11:43:48,1,23,60,1,
11:44:26,795,435,795,435,80,82,81,30,9,21,23.75,4,8,60,1,11:43:48,1,22,60,1,
11:44:27,795,435,795,435,80,82,81,30,9,21,23.75,4,8,60,1,11:43:48,1,21,60,1,
11:44:28,795,435,795,435,80,82,81,30,9,21,24.00,4,8,60,1,11:43:48,1,20,60,1,
11:44:29,795,435,795,435,80,82,81,30,9,21,23.75,4,8,60,1,11:43:48,1,19,60,1,
11:44:30,795,435,795,435,80,82,81,30,9,21,23.75,4,8,60,1,11:43:48,1,18,60,1,
11:44:31,795,435,795,435,80,82,81,30,9,21,23.75,4,8,60,1,11:43:48,1,17,60,1,
11:44:32,795,435,795,435,80,82,81,30,9,21,23.75,4,8,60,1,11:43:48,1,16,60,1,
11:44:33,795,435,795,435,80,82,81,30,9,21,23.75,4,8,60,1,11:43:48,1,15,60,1,
11:44:34,795,435,795,435,80,82,81,30,9,21,24.00,4,8,60,1,11:43:48,1,15,60,1,
11:44:35,795,435,795,435,80,82,81,30,9,21,23.75,4,8,60,1,11:43:48,1,13,60,1,
11:44:36,795,435,795,435,80,82,81,30,9,21,23.75,4,8,60,1,11:43:48,1,12,60,1,
11:44:37,795,435,795,435,80,82,81,30,9,21,23.75,4,8,60,1,11:43:48,1,12,60,1,
11:44:38,795,435,795,435,80,82,81,30,9,21,24.00,4,8,60,1,11:43:48,1,11,60,1,
11:44:39,795,435,795,435,80,82,81,30,9,21,24.00,4,8,60,1,11:43:48,1,10,60,1,
11:44:40,795,435,795,435,80,82,81,30,9,21,23.75,4,8,60,1,11:43:48,1,9,60,1,
11:44:41,795,435,795,435,80,82,81,30,9,21,23.75,4,8,60,1,11:43:48,1,8,60,1,
11:44:42,795,435,795,435,80,82,81,30,9,21,23.75,4,8,60,1,11:43:48,1,7,60,1,
11:44:43,795,435,795,435,80,82,81,30,9,21,23.75,4,8,60,1,11:43:48,1,6,60,1,
11:44:44,795,435,795,435,80,82,81,30,9,21,23.75,4,8,60,1,11:43:48,1,5,60,1,
11:44:45,795,435,795,435,80,82,81,30,9,21,23.75,4,8,60,1,11:43:48,1,4,60,1,
11:44:46,795,435,795,435,80,82,81,30,9,21,24.00,4,8,60,1,11:43:48,1,3,60,1,
11:44:47,795,435,795,435,80,82,81,30,9,21,23.75,4,8,60,1,11:43:48,1,2,60,1,
11:44:48,795,435,795,435,80,82,81,30,9,21,23.75,4,8,60,1,11:43:48,1,1,60,1,
11:44:49,795,435,795,435,80,82,81,30,9,21,24.00,4,8,60,1,11:43:48,1,0,60,1,
11:44:50,795,435,795,435,80,82,81,30,9,21,24.00,4,8,60,1,11:43:48,0,0,59,0,
11:44:51,795,435,795,435,80,82,81,30,9,21,23.75,4,8,60,1,11:43:48,0,0,58,0,
11:44:52,795,435,795,435,80,81,81,30,9,21,24.00,4,8,60,1,11:43:48,0,0,57,0,
11:44:53,795,435,795,435,80,81,80,30,9,21,24.00,4,8,60,1,11:43:48,0,0,56,0,
11:44:54,795,435,795,435,80,82,80,30,9,21,23.75,4,8,60,1,11:43:48,0,0,55,0,
11:44:55,795,435,795,435,80,81,81,30,9,21,23.75,4,8,60,1,11:43:48,0,0,54,0,
11:44:56,795,435,795,435,80,82,80,30,9,21,24.00,4,8,60,1,11:43:48,0,0,53,0,
11:44:57,795,435,795,435,80,82,81,30,9,21,24.00,4,8,60,1,11:43:48,0,0,52,0,
11:44:58,795,435,795,435,80,82,81,30,9,21,24.00,4,8,60,1,11:43:48,0,0,51,0,
11:44:59,795,435,795,435,80,82,81,30,9,21,24.00,4,8,60,1,11:43:48,0,0,50,0,
11:45:00,795,435,795,435,80,81,81,30,9,21,24.00,4,8,60,1,11:43:48,0,0,49,0,
11:45:01,795,435,795,435,80,82,80,30,9,21,24.00,4,8,60,1,11:43:48,0,0,48,0,
11:45:02,795,435,795,435,80,81,81,30,9,21,24.00,4,8,60,1,11:43:48,0,0,47,0,
11:45:03,795,435,795,435,80,82,80,30,9,21,24.00,4,8,60,1,11:43:48,0,0,46,0,
11:45:04,795,435,795,435,80,82,81,30,9,21,24.00,4,8,60,1,11:43:48,0,0,45,0,
11:45:05,795,435,795,435,80,82,81,30,9,21,24.00,4,8,60,1,11:43:48,0,0,44,0,
11:45:06,795,435,795,435,80,81,81,30,9,21,24.00,4,8,60,1,11:43:48,0,0,43,0,
11:45:07,795,435,795,435,80,82,80,30,9,21,24.00,4,8,60,1,11:43:48,0,0,42,0,
11:45:08,795,435,795,435,80,82,81,30,9,21,24.00,4,8,60,1,11:43:48,0,0,41,0,
11:45:09,795,435,795,435,80,81,81,30,9,21,24.00,4,8,60,1,11:43:48,0,0,40,0,
11:45:10,795,435,795,435,80,82,80,30,9,21,24.00,4,8,60,1,11:43:48,0,0,39,0,
11:45:11,795,435,795,435,80,82,81,30,9,21,24.00,4,8,60,1,11:43:48,0,0,38,0,
11:45:12,795,435,795,435,80,82,81,30,9,21,24.00,4,8,60,1,11:43:48,0,0,37,0,
11:45:13,795,435,795,435,80,82,81,30,9,21,24.00,4,8,60,1,11:43:48,0,0,36,0,
11:45:14,795,435,795,435,80,81,81,30,9,21,24.00,4,8,60,1,11:43:48,0,0,35,0,
11:45:15,795,435,795,435,80,82,80,30,9,21,23.75,4,8,60,1,11:43:48,0,0,34,0,
11:45:16,795,435,795,435,80,81,81,30,9,21,24.00,4,8,60,1,11:43:48,0,0,33,0,
11:45:17,795,435,795,435,80,82,80,30,9,21,24.00,4,8,60,1,11:43:48,0,0,32,0,
11:45:18,795,435,795,435,80,81,81,30,9,21,24.00,4,8,60,1,11:43:48,0,0,31,0,
11:45:19,795,435,795,435,80,82,80,30,9,21,23.75,4,8,60,1,11:43:48,0,0,30,0,
11:45:20,795,435,795,435,80,82,81,30,9,21,24.00,4,8,60,1,11:43:48,0,0,29,0,
11:45:21,795,435,795,435,80,81,81,30,9,21,24.00,4,8,60,1,11:43:48,0,0,28,0,
11:45:22,795,435,795,435,80,82,80,30,9,21,23.75,4,8,60,1,11:43:48,0,0,27,0,
11:45:23,795,435,795,435,80,81,81,30,9,21,24.00,4,8,60,1,11:43:48,0,0,26,0,
11:45:24,795,435,795,435,80,81,80,30,9,21,24.00,4,8,60,1,11:43:48,0,0,25,0,
11:45:25,795,435,795,435,80,82,80,30,9,21,24.00,4,8,60,1,11:43:48,0,0,24,0,
11:45:26,795,435,795,435,80,82,81,30,9,21,24.00,4,8,60,1,11:43:48,0,0,23,0,
11:45:27,795,435,795,435,80,82,81,30,9,21,24.00,4,8,60,1,11:43:48,0,0,22,0,
11:45:28,795,435,795,435,80,81,81,30,9,21,24.00,4,8,60,1,11:43:48,0,0,21,0,
11:45:29,795,435,795,435,80,82,80,30,9,21,24.00,4,8,60,1,11:43:48,0,0,20,0,
11:45:30,795,435,795,435,80,81,81,30,9,21,24.00,4,8,60,1,11:43:48,0,0,19,0,
11:45:31,795,435,795,435,80,82,80,30,9,21,23.75,4,8,60,1,11:43:48,0,0,18,0,
11:45:32,795,435,795,435,80,81,81,30,9,21,24.00,4,8,60,1,11:43:48,0,0,17,0,
11:45:33,795,435,795,435,80,82,80,30,9,21,24.00,4,8,60,1,11:43:48,0,0,16,0,
11:45:34,795,435,795,435,80,82,81,30,9,21,24.00,4,8,60,1,11:43:48,0,0,15,0,
11:45:35,795,435,795,435,80,81,81,30,9,21,23.75,4,8,60,1,11:43:48,0,0,14,0,
11:45:36,795,435,795,435,80,82,80,30,9,21,24.00,4,8,60,1,11:43:48,0,0,13,0,
11:45:37,795,435,795,435,80,81,81,30,9,21,24.00,4,8,60,1,11:43:48,0,0,13,0,
11:45:38,795,435,795,435,80,82,80,30,9,21,24.00,4,8,60,1,11:43:48,0,0,11,0,
11:45:39,795,435,795,435,80,82,81,30,9,21,24.00,4,8,60,1,11:43:48,0,0,11,0,
11:45:40,795,435,795,435,80,82,81,30,9,21,24.00,4,8,60,1,11:43:48,0,0,9,0,
11:45:41,795,435,795,435,80,82,81,30,9,21,24.00,4,8,60,1,11:43:48,0,0,9,0,
11:45:42,795,435,795,435,80,81,81,30,9,21,24.00,4,8,60,1,11:43:48,0,0,7,0,
11:45:43,795,435,795,435,80,81,80,30,9,21,24.00,4,8,60,1,11:43:48,0,0,7,0,
11:45:44,795,435,795,435,80,82,80,30,9,21,24.00,4,8,60,1,11:43:48,0,0,6,0,
11:45:45,795,435,795,435,80,82,81,30,9,21,24.00,4,8,60,1,11:43:48,0,0,5,0,
11:45:46,795,435,795,435,80,81,81,30,9,21,24.00,4,8,60,1,11:43:48,0,0,4,0,
11:45:47,795,435,795,435,80,82,80,30,9,21,24.00,4,8,60,1,11:43:48,0,0,3,0,
11:45:48,795,435,795,435,80,82,81,30,9,21,24.00,4,8,60,1,11:43:48,0,0,2,0,
11:45:49,795,435,795,435,80,82,81,30,9,21,24.00,4,8,60,1,11:43:48,0,0,1,0,
11:45:50,795,435,795,435,80,82,81,30,9,21,23.75,4,8,60,1,11:43:48,0,0,0,0,
11:45:51,795,435,795,435,80,81,81,30,9,21,24.00,4,8,60,1,11:43:48,0,0,0,0,
11:45:52,795,435,795,435,80,82,80,30,9,21,24.00,4,8,60,1,11:43:48,0,0,0,0,
11:45:53,795,435,795,435,80,81,81,30,9,21,24.00,4,8,60,1,11:43:48,0,0,0,0,
11:45:54,795,435,795,435,80,82,80,30,9,21,24.00,4,8,60,1,11:43:48,0,0,0,0,
11:45:55,795,435,795,435,80,82,81,30,9,21,23.75,4,8,60,1,11:43:48,0,0,0,0,
11:45:56,795,435,795,435,80,82,81,30,9,21,24.00,4,8,60,1,11:43:48,0,0,0,0,
11:45:57,795,435,795,435,80,81,81,30,9,21,24.00,4,8,60,1,11:43:48,0,0,0,0,
11:45:58,795,435,795,435,80,81,80,30,9,21,24.00,4,8,60,1,11:43:48,0,0,0,0,
11:45:59,795,435,795,435,80,82,80,30,9,21,24.00,4,8,60,1,11:43:48,0,0,0,0,
11:46:00,795,435,795,435,80,82,81,30,9,21,24.00,4,8,60,1,11:43:48,0,0,0,0,
11:46:01,795,435,795,435,80,82,81,30,9,21,24.00,4,8,60,1,11:43:48,0,0,0,0,
11:46:02,795,435,795,435,80,82,81,30,9,21,24.00,4,8,60,1,11:43:48,0,0,0,0,
11:46:03,795,435,795,435,80,82,81,30,9,21,24.00,4,8,60,1,11:43:48,0,0,0,0,
11:46:04,795,435,795,435,80,82,81,30,9,21,24.00,4,8,60,1,11:43:48,0,0,0,0,
11:46:05,795,435,795,435,80,81,81,30,9,21,24.00,4,8,60,1,11:43:48,0,0,0,0,
11:46:06,795,435,795,435,80,82,80,30,9,21,24.00,4,8,60,1,11:43:48,0,0,0,0,
11:46:07,795,435,795,435,80,81,81,30,9,21,24.00,4,8,60,1,11:43:48,0,0,0,0,
11:46:08,795,435,795,435,80,82,80,30,9,21,24.00,4,8,60,1,11:43:48,0,0,0,0,
11:46:09,795,435,795,435,80,81,81,30,9,21,24.00,4,8,60,1,11:43:48,0,0,0,0,
11:46:10,795,435,795,435,80,82,80,30,9,21,24.00,4,8,60,1,11:43:48,0,0,0,0,
11:46:11,795,435,795,435,80,82,81,30,9,21,24.00,4,8,60,1,11:43:48,0,0,0,0,
11:46:12,795,435,795,435,80,81,81,30,9,21,24.00,4,8,60,1,11:43:48,0,0,0,0,
11:46:13,795,435,795,435,80,82,80,30,9,21,24.00,4,8,60,1,11:43:48,0,0,0,0,
11:46:14,795,435,795,435,80,81,81,30,9,21,24.00,4,8,60,1,11:43:48,0,0,0,0,
11:46:15,795,435,795,435,80,82,80,30,9,21,24.00,4,8,60,1,11:43:48,0,0,0,0,
11:46:16,795,435,795,435,80,82,81,30,9,21,24.00,4,8,60,1,11:43:48,0,0,0,0,
11:46:17,795,435,795,435,80,82,81,30,9,21,24.00,4,8,60,1,11:43:48,0,0,0,0,
11:46:18,795,435,795,435,80,82,81,30,9,21,24.00,4,8,60,1,11:43:48,0,0,0,0,
11:46:19,795,435,795,435,80,81,81,30,9,21,24.00,4,8,60,1,11:43:48,0,0,0,0,
11:46:20,795,435,795,435,80,82,80,30,9,21,24.00,4,8,60,1,11:43:48,0,0,0,0,
11:46:21,795,435,795,435,80,81,81,30,9,21,24.00,4,8,60,1,11:43:48,0,0,0,0,
11:46:22,795,435,795,435,80,82,80,30,9,21,24.00,4,8,60,1,11:43:48,0,0,0,0,
11:46:23,795,435,795,435,80,82,81,30,9,21,24.00,4,8,60,1,11:43:48,0,0,0,0,
11:46:24,795,435,795,435,80,82,81,30,9,21,24.00,4,8,60,1,11:43:48,0,0,0,0,
11:46:25,795,435,795,435,80,82,81,30,9,21,24.00,4,8,60,1,11:43:48,0,0,0,0,
11:46:26,795,435,795,435,80,81,81,30,9,21,24.00,4,8,60,1,11:43:48,0,0,0,0,
11:46:27,795,435,795,435,80,82,80,30,9,21,24.00,4,8,60,1,11:43:48,0,0,0,0,
11:46:28,795,435,795,435,80,81,81,30,9,21,24.00,4,8,60,1,11:43:48,0,0,0,0,
11:46:29,795,435,795,435,80,82,80,30,9,21,24.00,4,8,60,1,11:43:48,0,0,0,0,
11:46:30,795,435,795,435,80,82,81,30,9,21,24.00,4,8,60,1,11:43:48,0,0,0,0,
11:46:31,795,435,795,435,80,82,81,30,9,21,24.00,4,8,60,1,11:43:48,0,0,0,0,
11:46:32,795,435,795,435,80,82,81,30,9,21,24.00,4,8,60,1,11:43:48,0,0,0,0,
11:46:33,795,435,795,435,80,81,81,30,9,21,24.00,4,8,60,1,11:43:48,0,0,0,0,
11:46:34,795,435,795,435,80,82,80,30,9,21,24.00,4,8,60,1,11:43:48,0,0,0,0,
11:46:35,795,435,795,435,80,81,81,30,9,21,24.00,4,8,60,1,11:43:48,0,0,0,0,
11:46:36,795,435,795,435,80,82,80,30,9,21,24.00,4,8,60,1,11:43:48,0,0,0,0,
11:46:37,795,435,795,435,80,82,81,30,9,21,24.00,4,8,60,1,11:43:48,0,0,0,0,
11:46:38,795,435,795,435,80,82,81,30,9,21,24.25,4,8,60,1,11:43:48,0,0,0,0,
11:46:39,795,435,795,435,80,81,81,30,9,21,24.00,4,8,60,1,11:43:48,0,0,0,0,
11:46:40,795,435,795,435,80,81,80,30,9,21,24.00,4,8,60,1,11:43:48,0,0,0,0,
11:46:41,795,435,795,435,80,82,80,30,9,21,24.00,4,8,60,1,11:43:48,0,0,0,0,
11:46:42,795,435,795,435,80,81,81,30,9,21,24.00,4,8,60,1,11:43:48,0,0,0,0,
11:46:43,795,435,795,435,80,82,80,30,9,21,24.00,4,8,60,1,11:43:48,0,0,0,0,
11:46:44,795,435,795,435,80,81,81,30,9,21,24.00,4,8,60,1,11:43:48,0,0,0,0,
11:46:45,795,435,795,435,80,81,80,30,9,21,24.00,4,8,60,1,11:43:48,0,0,0,0,
11:46:46,795,435,795,435,80,82,80,30,9,21,24.00,4,8,60,1,11:43:48,0,0,0,0,
11:46:47,795,435,795,435,80,82,81,30,9,21,24.00,4,8,60,1,11:43:48,0,0,0,0,
11:46:48,795,435,795,435,80,82,81,30,9,21,24.00,4,8,60,1,11:43:48,0,0,0,0,
11:46:49,795,435,795,435,80,81,81,30,9,21,24.00,4,8,60,1,11:43:48,0,0,0,0,
11:46:50,795,435,795,435,80,82,80,30,9,21,24.00,4,8,60,1,11:43:48,0,0,0,0,
11:46:51,795,435,795,435,80,81,81,30,9,21,24.00,4,8,60,1,11:43:48,0,0,0,0,
11:46:52,795,435,795,435,80,82,80,30,9,21,24.00,4,8,60,1,11:43:48,0,0,0,0,
11:46:53,795,435,795,435,80,82,81,30,9,21,24.00,4,8,60,1,11:43:48,0,0,0,0,
11:46:54,795,435,795,435,80,82,81,30,9,21,24.00,4,8,60,1,11:43:48,0,0,0,0,
11:46:55,795,435,795,435,80,81,81,30,9,21,24.00,4,8,60,1,11:43:48,0,0,0,0,
11:46:56,795,435,795,435,80,82,80,30,9,21,24.00,4,8,60,1,11:43:48,0,0,0,0,
11:46:57,795,435,795,435,80,82,81,30,9,21,24.00,4,8,60,1,11:43:48,0,0,0,0,
11:46:58,795,435,795,435,80,81,81,30,9,21,24.00,4,8,60,1,11:43:48,0,0,0,0,
11:46:59,795,435,795,435,80,81,80,30,9,21,23.75,4,8,60,1,11:43:48,0,0,0,0,
11:47:00,795,435,795,435,80,82,80,30,9,21,24.00,4,8,60,1,11:43:48,0,0,0,0,
11:47:01,795,435,795,435,80,82,81,30,9,21,24.00,4,8,60,1,11:43:48,0,0,0,0,
11:47:02,795,435,795,435,80,82,81,30,9,21,24.00,4,8,60,1,11:43:48,0,0,0,0,
11:47:03,795,435,795,435,80,81,81,30,9,21,24.00,4,8,60,1,11:43:48,0,0,0,0,
11:47:04,795,435,795,435,80,82,80,30,9,21,24.00,4,8,60,1,11:43:48,0,0,0,0,
11:47:05,795,435,795,435,80,82,81,30,9,21,23.75,4,8,60,1,11:43:48,0,0,0,0,
11:47:06,795,435,795,435,80,82,81,30,9,21,24.00,4,8,60,1,11:43:48,0,0,0,0,
11:47:07,795,435,795,435,43,45,81,30,9,21,24.00,4,8,60,1,11:43:48,0,0,0,0,
11:47:08,795,435,795,435,17,19,44,30,9,21,24.00,4,8,60,1,11:43:48,0,0,0,0,
11:47:09,795,435,795,435,15,17,18,30,9,21,24.00,5,8,60,1,11:47:08,1,59,60,1,
11:47:10,795,435,795,435,14,16,16,30,9,21,24.00,5,8,60,1,11:47:08,1,58,60,1,
11:47:11,795,435,795,435,14,16,15,30,9,21,24.00,5,8,60,1,11:47:08,1,57,60,1,
11:47:12,795,435,795,435,20,21,15,30,9,21,24.00,5,8,60,1,11:47:08,1,56,60,1,
11:47:13,795,435,795,435,80,82,20,30,9,21,24.00,5,8,60,1,11:47:08,1,55,60,1,
11:47:14,795,435,795,435,80,82,81,30,9,21,24.00,5,8,60,1,11:47:08,1,54,60,1,
11:47:15,795,435,795,435,80,82,81,30,9,21,24.00,5,8,60,1,11:47:08,1,53,60,1,
11:47:16,795,435,795,435,80,82,81,30,9,21,24.00,5,8,60,1,11:47:08,1,52,60,1,
11:47:17,795,435,795,435,80,82,81,30,9,21,24.00,5,8,60,1,11:47:08,1,51,60,1,
11:47:18,795,435,795,435,80,82,81,30,9,21,24.00,5,8,60,1,11:47:08,1,50,60,1,
11:47:19,795,435,795,435,80,82,81,30,9,21,24.00,5,8,60,1,11:47:08,1,49,60,1,
11:47:20,795,435,795,435,80,82,81,30,9,21,24.00,5,8,60,1,11:47:08,1,48,60,1,
11:47:21,795,435,795,435,80,82,81,30,9,21,24.00,5,8,60,1,11:47:08,1,47,60,1,
11:47:22,795,435,795,435,80,82,81,30,9,21,24.00,5,8,60,1,11:47:08,1,46,60,1,
11:47:23,795,435,795,435,80,82,81,30,9,21,24.00,5,8,60,1,11:47:08,1,45,60,1,
11:47:24,795,435,795,435,80,82,81,30,9,21,24.00,5,8,60,1,11:47:08,1,44,60,1,
11:47:25,795,435,795,435,80,82,81,30,9,21,24.00,5,8,60,1,11:47:08,1,43,60,1,
11:47:26,795,435,795,435,80,82,81,30,9,21,24.00,5,8,60,1,11:47:08,1,42,60,1,
11:47:27,795,435,795,435,80,82,81,30,9,21,24.00,5,8,60,1,11:47:08,1,41,60,1,
11:47:28,795,435,795,435,80,82,81,30,9,21,24.00,5,8,60,1,11:47:08,1,40,60,1,
11:47:29,795,435,795,435,80,82,81,30,9,21,24.00,5,8,60,1,11:47:08,1,39,60,1,
11:47:30,795,435,795,435,80,82,81,30,9,21,24.00,5,8,60,1,11:47:08,1,38,60,1,
11:47:31,795,435,795,435,80,82,81,30,9,21,24.00,5,8,60,1,11:47:08,1,37,60,1,
11:47:32,795,435,795,435,80,82,81,30,9,21,24.00,5,8,60,1,11:47:08,1,36,60,1,
11:47:33,795,435,795,435,80,82,81,30,9,21,24.00,5,8,60,1,11:47:08,1,35,60,1,
11:47:34,795,435,795,435,80,82,81,30,9,21,24.00,5,8,60,1,11:47:08,1,34,60,1,
11:47:35,795,435,795,435,80,82,81,30,9,21,24.00,5,8,60,1,11:47:08,1,33,60,1,
11:47:36,795,435,795,435,80,82,81,30,9,21,24.00,5,8,60,1,11:47:08,1,32,60,1,
11:47:37,795,435,795,435,80,82,81,30,9,21,24.00,5,8,60,1,11:47:08,1,31,60,1,
11:47:38,795,435,795,435,80,82,81,30,9,21,24.00,5,8,60,1,11:47:08,1,30,60,1,
11:47:39,795,435,795,435,80,82,81,30,9,21,24.00,5,8,60,1,11:47:08,1,29,60,1,
11:47:40,795,435,795,435,80,82,81,30,9,21,24.00,5,8,60,1,11:47:08,1,28,60,1,
11:47:41,795,435,795,435,81,82,81,30,9,21,24.00,5,8,60,1,11:47:08,1,27,60,1,
11:47:42,795,435,795,435,80,82,81,30,9,21,24.00,5,8,60,1,11:47:08,1,26,60,1,
11:47:43,795,435,795,435,81,82,81,30,9,21,24.00,5,8,60,1,11:47:08,1,25,60,1,
11:47:44,795,435,795,435,80,82,81,30,9,21,24.00,5,8,60,1,11:47:08,1,24,60,1,
11:47:45,795,435,795,435,80,82,81,30,9,21,24.00,5,8,60,1,11:47:08,1,23,60,1,
11:47:46,795,435,795,435,80,82,81,30,9,21,24.00,5,8,60,1,11:47:08,1,22,60,1,
11:47:47,795,435,795,435,80,82,81,30,9,21,24.00,5,8,60,1,11:47:08,1,21,60,1,
11:47:48,795,435,795,435,80,82,81,30,9,21,24.00,5,8,60,1,11:47:08,1,20,60,1,
11:47:49,795,435,795,435,80,82,81,30,9,21,24.00,5,8,60,1,11:47:08,1,19,60,1,
11:47:50,795,435,795,435,80,82,81,30,9,21,24.00,5,8,60,1,11:47:08,1,18,60,1,
11:47:51,795,435,795,435,80,82,81,30,9,21,24.00,5,8,60,1,11:47:08,1,17,60,1,
11:47:52,795,435,795,435,80,82,81,30,9,21,24.00,5,8,60,1,11:47:08,1,16,60,1,
11:47:53,795,435,795,435,80,82,81,30,9,21,24.00,5,8,60,1,11:47:08,1,15,60,1,
11:47:54,795,435,795,435,80,82,81,30,9,21,24.00,5,8,60,1,11:47:08,1,14,60,1,
11:47:55,795,435,795,435,80,82,81,30,9,21,24.00,5,8,60,1,11:47:08,1,13,60,1,
11:47:56,795,435,795,435,80,82,81,30,9,21,24.00,5,8,60,1,11:47:08,1,12,60,1,
11:47:57,795,435,795,435,80,82,81,30,9,21,24.00,5,8,60,1,11:47:08,1,11,60,1,
11:47:58,795,435,795,435,80,82,81,30,9,21,24.00,5,8,60,1,11:47:08,1,10,60,1,
11:47:59,795,435,795,435,80,82,81,30,9,21,24.00,5,8,60,1,11:47:08,1,9,60,1,
11:48:00,795,435,795,435,80,82,81,30,9,21,24.00,5,8,60,1,11:47:08,1,8,60,1,
11:48:01,795,435,795,435,80,82,81,30,9,21,24.00,5,8,60,1,11:47:08,1,7,60,1,
11:48:02,795,435,795,435,80,82,81,30,9,21,24.00,5,8,60,1,11:47:08,1,6,60,1,
11:48:03,795,435,795,435,80,82,81,30,9,21,24.00,5,8,60,1,11:47:08,1,5,60,1,
11:48:04,795,435,795,435,80,82,81,30,9,21,24.00,5,8,60,1,11:47:08,1,4,60,1,
11:48:05,795,435,795,435,80,82,81,30,9,21,24.00,5,8,60,1,11:47:08,1,3,60,1,
11:48:06,795,435,795,435,80,82,81,30,9,21,24.00,5,8,60,1,11:47:08,1,2,60,1,
11:48:07,795,435,795,435,80,82,81,30,9,21,24.00,5,8,60,1,11:47:08,1,1,60,1,
11:48:08,795,435,795,435,80,82,81,30,9,21,24.00,5,8,60,1,11:47:08,1,0,60,1,
11:48:09,795,435,795,435,81,82,81,30,9,21,24.00,5,8,60,1,11:47:08,0,0,60,0,
11:48:10,795,435,795,435,80,82,81,30,9,21,24.00,5,8,60,1,11:47:08,0,0,58,0,
11:48:11,795,435,795,435,80,82,81,30,9,21,24.00,5,8,60,1,11:47:08,0,0,57,0,
11:48:12,795,435,795,435,80,82,81,30,9,21,24.00,5,8,60,1,11:47:08,0,0,56,0,
11:48:13,795,435,795,435,80,82,81,30,9,21,24.00,5,8,60,1,11:47:08,0,0,56,0,
11:48:14,795,435,795,435,80,82,81,30,9,21,24.00,5,8,60,1,11:47:08,0,0,55,0,
11:48:15,795,435,795,435,80,82,81,30,9,21,24.00,5,8,60,1,11:47:08,0,0,54,0,
11:48:16,795,435,795,435,80,82,81,30,9,21,24.00,5,8,60,1,11:47:08,0,0,53,0,
11:48:17,795,435,795,435,80,82,81,30,9,21,24.00,5,8,60,1,11:47:08,0,0,52,0,
11:48:18,795,435,795,435,81,82,81,30,9,21,24.00,5,8,60,1,11:47:08,0,0,51,0,
11:48:19,795,435,795,435,80,82,81,30,9,21,24.00,5,8,60,1,11:47:08,0,0,50,0,
11:48:20,795,435,795,435,80,82,81,30,9,21,24.00,5,8,60,1,11:47:08,0,0,49,0,
11:48:21,795,435,795,435,80,82,81,30,9,21,24.00,5,8,60,1,11:47:08,0,0,48,0,
11:48:22,795,435,795,435,80,82,81,30,9,21,24.00,5,8,60,1,11:47:08,0,0,47,0,
11:48:23,795,435,795,435,80,82,81,30,9,21,24.00,5,8,60,1,11:47:08,0,0,46,0,
11:48:24,795,435,795,435,80,82,81,30,9,21,24.00,5,8,60,1,11:47:08,0,0,45,0,
11:48:25,795,435,795,435,80,82,81,30,9,21,24.00,5,8,60,1,11:47:08,0,0,44,0,
11:48:26,795,435,795,435,80,82,81,30,9,21,24.00,5,8,60,1,11:47:08,0,0,43,0,
11:48:27,795,435,795,435,80,82,81,30,9,21,24.00,5,8,60,1,11:47:08,0,0,42,0,
11:48:28,795,435,795,435,80,82,81,30,9,21,24.00,5,8,60,1,11:47:08,0,0,41,0,
11:48:29,795,435,795,435,80,82,81,30,9,21,24.00,5,8,60,1,11:47:08,0,0,40,0,
11:48:30,795,435,795,435,80,82,81,30,9,21,24.00,5,8,60,1,11:47:08,0,0,39,0,
11:48:31,795,435,795,435,80,82,81,30,9,21,24.00,5,8,60,1,11:47:08,0,0,38,0,
11:48:32,795,435,795,435,80,82,81,30,9,21,24.00,5,8,60,1,11:47:08,0,0,37,0,
11:48:33,795,435,795,435,80,82,81,30,9,21,24.00,5,8,60,1,11:47:08,0,0,36,0,
11:48:34,795,435,795,435,80,82,81,30,9,21,24.00,5,8,60,1,11:47:08,0,0,35,0,
11:48:35,795,435,795,435,80,82,81,30,9,21,24.00,5,8,60,1,11:47:08,0,0,34,0,
11:48:36,795,435,795,435,80,82,81,30,9,21,24.00,5,8,60,1,11:47:08,0,0,33,0,
11:48:37,795,435,795,435,80,82,81,30,9,21,24.00,5,8,60,1,11:47:08,0,0,32,0,
11:48:38,795,435,795,435,80,82,81,30,9,21,24.00,5,8,60,1,11:47:08,0,0,31,0,
11:48:39,795,435,795,435,80,82,81,30,9,21,24.00,5,8,60,1,11:47:08,0,0,30,0,
11:48:40,795,435,795,435,80,82,81,30,9,21,24.00,5,8,60,1,11:47:08,0,0,29,0,
11:48:41,795,435,795,435,80,82,81,30,9,21,24.00,5,8,60,1,11:47:08,0,0,28,0,
11:48:42,795,435,795,435,80,82,81,30,9,21,24.00,5,8,60,1,11:47:08,0,0,27,0,
11:48:43,795,435,795,435,80,82,81,30,9,21,24.00,5,8,60,1,11:47:08,0,0,26,0,
11:48:44,795,435,795,435,80,82,81,30,9,21,24.00,5,8,60,1,11:47:08,0,0,25,0,
11:48:45,795,435,795,435,80,82,81,30,9,21,24.00,5,8,60,1,11:47:08,0,0,24,0,
11:48:46,795,435,795,435,80,82,81,30,9,21,24.00,5,8,60,1,11:47:08,0,0,23,0,
11:48:47,795,435,795,435,80,82,81,30,9,21,24.00,5,8,60,1,11:47:08,0,0,22,0,
11:48:48,795,435,795,435,80,82,81,30,9,21,24.00,5,8,60,1,11:47:08,0,0,21,0,
11:48:49,795,435,795,435,80,82,81,30,9,21,24.00,5,8,60,1,11:47:08,0,0,20,0,
11:48:50,795,435,795,435,80,82,81,30,9,21,24.00,5,8,60,1,11:47:08,0,0,19,0,
11:48:51,795,435,795,435,80,82,81,30,9,21,24.00,5,8,60,1,11:47:08,0,0,18,0,
11:48:52,795,435,795,435,80,82,81,30,9,21,24.00,5,8,60,1,11:47:08,0,0,17,0,
11:48:53,795,435,795,435,80,82,81,30,9,21,24.00,5,8,60,1,11:47:08,0,0,16,0,
11:48:54,795,435,795,435,80,82,81,30,9,21,24.00,5,8,60,1,11:47:08,0,0,15,0,
11:48:55,795,435,795,435,80,82,81,30,9,21,24.00,5,8,60,1,11:47:08,0,0,14,0,
11:48:56,795,435,795,435,80,82,81,30,9,21,24.00,5,8,60,1,11:47:08,0,0,13,0,
11:48:57,795,435,795,435,80,82,81,30,9,21,24.00,5,8,60,1,11:47:08,0,0,12,0,
11:48:58,795,435,795,435,80,82,81,30,9,21,24.00,5,8,60,1,11:47:08,0,0,11,0,
11:48:59,795,435,795,435,80,82,81,30,9,21,24.00,5,8,60,1,11:47:08,0,0,10,0,
11:49:00,795,435,795,435,80,82,81,30,9,21,24.00,5,8,60,1,11:47:08,0,0,9,0,
11:49:01,795,435,795,435,80,82,81,30,9,21,24.00,5,8,60,1,11:47:08,0,0,8,0,
11:49:02,795,435,795,435,80,82,81,30,9,21,24.00,5,8,60,1,11:47:08,0,0,7,0,
11:49:03,795,435,795,435,80,82,81,30,9,21,24.00,5,8,60,1,11:47:08,0,0,6,0,
11:49:04,795,435,795,435,80,82,81,30,9,21,24.00,5,8,60,1,11:47:08,0,0,5,0,
11:49:05,795,435,795,435,80,82,81,30,9,21,24.00,5,8,60,1,11:47:08,0,0,4,0,
11:49:06,795,435,795,435,80,82,81,30,9,21,24.00,5,8,60,1,11:47:08,0,0,3,0,
11:49:07,795,435,795,435,80,82,81,30,9,21,24.00,5,8,60,1,11:47:08,0,0,2,0,
11:49:08,795,435,795,435,80,82,81,30,9,21,24.00,5,8,60,1,11:47:08,0,0,1,0,
11:49:09,795,435,795,435,80,82,81,30,9,21,24.00,5,8,60,1,11:47:08,0,0,0,0,
11:49:10,795,435,795,435,80,82,81,30,9,21,24.00,5,8,60,1,11:47:08,0,0,0,0,
11:49:11,795,435,795,435,81,82,81,30,9,21,24.00,5,8,60,1,11:47:08,0,0,0,0,
11:49:12,795,435,795,435,80,82,81,30,9,21,24.00,5,8,60,1,11:47:08,0,0,0,0,
11:49:13,795,435,795,435,80,82,81,30,9,21,24.00,5,8,60,1,11:47:08,0,0,0,0,
11:49:14,795,435,795,435,81,82,81,30,9,21,24.00,5,8,60,1,11:47:08,0,0,0,0,
11:49:15,795,435,795,435,80,82,81,30,9,21,24.00,5,8,60,1,11:47:08,0,0,0,0,
11:49:16,795,435,795,435,80,82,81,30,9,21,24.00,5,8,60,1,11:47:08,0,0,0,0,
