time, dry1, wett1, dry2, wett2, sensor1, sensor2, averageinprocent, moisturestartprocent, starthour, endhour, temperature, jobcounter, maxjobs, wateringduration, pauzeduration, lastwateringtime, ValveStatus, watergifttimer, pauzetimer, outputread, errorflag,
14:47:58,,,,,65,68,0,,,,,0,,,,,0,0,0,0,0,
14:47:59,,,,,63,63,66,,,,,0,,,,,0,0,0,0,0,
14:48:00,761,337,747,332,64,63,63,40,8,22,22.75,0,10,29,1,,0,0,0,0,0,
14:48:01,,,,,64,63,63,,,,,0,,,,,0,0,0,0,0,
14:48:02,,,,,63,63,63,,,,,0,,,,,0,0,0,0,0,
14:48:03,,,,,64,63,63,,,,,0,,,,,0,0,0,0,0,
14:48:04,,,,,63,63,63,,,,,0,,,,,0,0,0,0,0,
14:48:05,,,,,63,63,63,,,,,0,,,,,0,0,0,0,0,
14:48:06,,,,,63,63,63,,,,,0,,,,,0,0,0,0,0,
14:48:07,,,,,64,63,63,,,,,0,,,,,0,0,0,0,0,
14:48:08,,,,,63,63,63,,,,,0,,,,,0,0,0,0,0,
14:48:09,,,,,64,63,63,,,,,0,,,,,0,0,0,0,0,
14:48:10,,,,,64,63,63,,,,,0,,,,,0,0,0,0,0,
14:48:11,,,,,63,63,63,,,,,0,,,,,0,0,0,0,0,
14:48:12,,,,,64,63,63,,,,,0,,,,,0,0,0,0,0,
14:48:13,,,,,63,63,63,,,,,0,,,,,0,0,0,0,0,
14:48:14,,,,,64,63,63,,,,,0,,,,,0,0,0,0,0,
14:48:15,,,,,42,41,63,,,,,0,,,,,0,0,0,0,0,
14:48:16,,,,,42,41,41,,,,,0,,,,,0,0,0,0,0,
14:48:17,,,,,28,26,41,,,,,0,,,,,0,0,0,0,0,
14:48:18,,,,,18,17,27,,,,,1,,,,14:48:17,1,28,60,1,0,
14:48:19,,,,,45,44,17,,,,,1,,,,14:48:17,1,27,60,1,0,
14:48:20,,,,,46,45,44,,,,,1,,,,14:48:17,1,26,60,1,0,
14:48:21,,,,,46,45,45,,,,,1,,,,14:48:17,1,25,60,1,0,
14:48:22,,,,,46,45,45,,,,,1,,,,14:48:17,1,24,60,1,0,
14:48:23,,,,,46,45,45,,,,,1,,,,14:48:17,1,23,60,1,0,
14:48:24,,,,,45,45,45,,,,,1,,,,14:48:17,1,22,60,1,0,
14:48:25,,,,,54,53,45,,,,,1,,,,14:48:17,1,21,60,1,0,
14:48:26,,,,,56,56,53,,,,,1,,,,14:48:17,1,20,60,1,0,
14:48:27,,,,,54,53,56,,,,,1,,,,14:48:17,1,19,60,1,0,
14:48:28,,,,,54,54,53,,,,,1,,,,14:48:17,1,18,60,1,0,
14:48:29,,,,,54,53,54,,,,,1,,,,14:48:17,1,17,60,1,0,
14:48:30,,,,,54,53,53,,,,,1,,,,14:48:17,1,16,60,1,0,
14:48:31,,,,,54,53,53,,,,,1,,,,14:48:17,1,15,60,1,0,
14:48:32,,,,,54,53,53,,,,,1,,,,14:48:17,1,14,60,1,0,
14:48:33,,,,,54,53,53,,,,,1,,,,14:48:17,1,13,60,1,0,
14:48:34,,,,,54,53,53,,,,,1,,,,14:48:17,1,12,60,1,0,
14:48:35,,,,,54,53,53,,,,,1,,,,14:48:17,1,11,60,1,0,
14:48:36,,,,,54,53,53,,,,,1,,,,14:48:17,1,10,60,1,0,
14:48:37,,,,,54,53,53,,,,,1,,,,14:48:17,1,9,60,1,0,
14:48:38,,,,,54,53,53,,,,,1,,,,14:48:17,1,8,60,1,0,
14:48:39,,,,,54,53,53,,,,,1,,,,14:48:17,1,7,60,1,0,
14:48:40,,,,,54,53,53,,,,,1,,,,14:48:17,1,6,60,1,0,
14:48:41,,,,,54,53,53,,,,,1,,,,14:48:17,1,5,60,1,0,
14:48:42,,,,,54,53,53,,,,,1,,,,14:48:17,1,4,60,1,0,
14:48:43,,,,,54,53,53,,,,,1,,,,14:48:17,1,3,60,1,0,
14:48:44,,,,,54,53,53,,,,,1,,,,14:48:17,1,2,60,1,0,
14:48:45,,,,,54,53,53,,,,,1,,,,14:48:17,1,1,60,1,0,
14:48:46,,,,,54,53,53,,,,,1,,,,14:48:17,1,0,60,1,0,
14:48:47,,,,,54,53,53,,,,,1,,,,14:48:17,0,0,59,0,0,
14:48:48,,,,,54,53,53,,,,,1,,,,14:48:17,0,0,58,0,0,
14:48:49,,,,,54,53,53,,,,,1,,,,14:48:17,0,0,57,0,0,
14:48:50,,,,,54,53,53,,,,,1,,,,14:48:17,0,0,56,0,0,
14:48:51,,,,,54,53,53,,,,,1,,,,14:48:17,0,0,55,0,0,
14:48:52,,,,,54,53,53,,,,,1,,,,14:48:17,0,0,54,0,0,
14:48:53,,,,,54,53,53,,,,,1,,,,14:48:17,0,0,53,0,0,
14:48:54,,,,,54,53,53,,,,,1,,,,14:48:17,0,0,52,0,0,
14:48:55,,,,,54,53,53,,,,,1,,,,14:48:17,0,0,51,0,0,
14:48:56,,,,,54,53,53,,,,,1,,,,14:48:17,0,0,50,0,0,
14:48:57,,,,,53,53,53,,,,,1,,,,14:48:17,0,0,49,0,0,
14:48:58,,,,,54,53,53,,,,,1,,,,14:48:17,0,0,48,0,0,
14:48:59,,,,,54,53,53,,,,,1,,,,14:48:17,0,0,47,0,0,
14:49:00,761,337,747,332,54,53,53,40,8,22,22.50,1,10,29,1,14:48:17,0,0,46,0,0,
14:49:01,,,,,53,52,53,,,,,1,,,,14:48:17,0,0,45,0,0,
14:49:02,,,,,54,53,52,,,,,1,,,,14:48:17,0,0,44,0,0,
14:49:03,,,,,54,53,53,,,,,1,,,,14:48:17,0,0,43,0,0,
14:49:04,,,,,53,53,53,,,,,1,,,,14:48:17,0,0,42,0,0,
14:49:05,,,,,54,53,53,,,,,1,,,,14:48:17,0,0,41,0,0,
14:49:06,,,,,54,53,53,,,,,1,,,,14:48:17,0,0,40,0,0,
14:49:07,,,,,54,53,53,,,,,1,,,,14:48:17,0,0,39,0,0,
14:49:08,,,,,53,53,53,,,,,1,,,,14:48:17,0,0,38,0,0,
14:49:09,,,,,53,53,53,,,,,1,,,,14:48:17,0,0,37,0,0,
14:49:10,,,,,54,53,53,,,,,1,,,,14:48:17,0,0,36,0,0,
14:49:11,,,,,53,53,53,,,,,1,,,,14:48:17,0,0,35,0,0,
14:49:12,,,,,54,53,53,,,,,1,,,,14:48:17,0,0,34,0,0,
14:49:13,,,,,53,52,53,,,,,1,,,,14:48:17,0,0,33,0,0,
14:49:14,,,,,53,53,52,,,,,1,,,,14:48:17,0,0,32,0,0,
14:49:15,,,,,54,53,53,,,,,1,,,,14:48:17,0,0,31,0,0,
14:49:16,,,,,53,53,53,,,,,1,,,,14:48:17,0,0,30,0,0,
14:49:17,,,,,53,52,53,,,,,1,,,,14:48:17,0,0,29,0,0,
14:49:18,,,,,53,52,52,,,,,1,,,,14:48:17,0,0,28,0,0,
14:49:19,,,,,54,53,52,,,,,1,,,,14:48:17,0,0,27,0,0,
14:49:20,,,,,53,52,53,,,,,1,,,,14:48:17,0,0,26,0,0,
14:49:21,,,,,54,53,52,,,,,1,,,,14:48:17,0,0,25,0,0,
14:49:22,,,,,54,53,53,,,,,1,,,,14:48:17,0,0,24,0,0,
14:49:23,,,,,53,53,53,,,,,1,,,,14:48:17,0,0,23,0,0,
14:49:24,,,,,53,52,53,,,,,1,,,,14:48:17,0,0,22,0,0,
14:49:25,,,,,53,52,52,,,,,1,,,,14:48:17,0,0,21,0,0,
14:49:26,,,,,53,53,52,,,,,1,,,,14:48:17,0,0,20,0,0,
14:49:27,,,,,53,52,53,,,,,1,,,,14:48:17,0,0,19,0,0,
14:49:28,,,,,53,52,52,,,,,1,,,,14:48:17,0,0,18,0,0,
14:49:29,,,,,53,52,52,,,,,1,,,,14:48:17,0,0,17,0,0,
14:49:30,,,,,53,52,52,,,,,1,,,,14:48:17,0,0,16,0,0,
14:49:31,,,,,53,53,52,,,,,1,,,,14:48:17,0,0,15,0,0,
14:49:32,,,,,53,52,53,,,,,1,,,,14:48:17,0,0,14,0,0,
14:49:33,,,,,53,53,52,,,,,1,,,,14:48:17,0,0,13,0,0,
14:49:34,,,,,53,52,53,,,,,1,,,,14:48:17,0,0,12,0,0,
14:49:35,,,,,53,52,52,,,,,1,,,,14:48:17,0,0,11,0,0,
14:49:36,,,,,53,52,52,,,,,1,,,,14:48:17,0,0,10,0,0,
14:49:37,,,,,53,53,52,,,,,1,,,,14:48:17,0,0,10,0,0,
14:49:38,,,,,53,52,53,,,,,1,,,,14:48:17,0,0,8,0,0,
14:49:39,,,,,53,52,52,,,,,1,,,,14:48:17,0,0,8,0,0,
14:49:40,,,,,53,53,52,,,,,1,,,,14:48:17,0,0,6,0,0,
14:49:41,,,,,53,52,53,,,,,1,,,,14:48:17,0,0,6,0,0,
14:49:42,,,,,53,53,52,,,,,1,,,,14:48:17,0,0,4,0,0,
14:49:43,,,,,53,53,53,,,,,1,,,,14:48:17,0,0,4,0,0,
14:49:44,,,,,53,53,53,,,,,1,,,,14:48:17,0,0,2,0,0,
14:49:45,,,,,53,53,53,,,,,1,,,,14:48:17,0,0,2,0,0,
14:49:46,,,,,53,52,53,,,,,1,,,,14:48:17,0,0,1,0,0,
14:49:47,,,,,53,53,52,,,,,1,,,,14:48:17,0,0,0,0,0,
14:49:48,,,,,53,52,53,,,,,1,,,,14:48:17,0,0,0,0,0,
14:49:49,,,,,53,53,52,,,,,1,,,,14:48:17,0,0,0,0,0,
14:49:50,,,,,53,52,53,,,,,1,,,,14:48:17,0,0,0,0,0,
14:49:51,,,,,53,53,52,,,,,1,,,,14:48:17,0,0,0,0,0,
14:49:52,,,,,53,53,53,,,,,1,,,,14:48:17,0,0,0,0,0,
14:49:53,,,,,53,52,53,,,,,1,,,,14:48:17,0,0,0,0,0,
14:49:54,,,,,53,52,52,,,,,1,,,,14:48:17,0,0,0,0,0,
14:49:55,,,,,53,52,52,,,,,1,,,,14:48:17,0,0,0,0,0,
14:49:56,,,,,53,53,52,,,,,1,,,,14:48:17,0,0,0,0,0,
14:49:57,,,,,53,52,53,,,,,1,,,,14:48:17,0,0,0,0,0,
14:49:58,,,,,53,53,52,,,,,1,,,,14:48:17,0,0,0,0,0,
14:49:59,,,,,53,52,53,,,,,1,,,,14:48:17,0,0,0,0,0,
14:50:00,761,337,747,332,53,52,52,40,8,22,22.25,1,10,29,1,14:48:17,0,0,0,0,0,
14:50:01,,,,,53,52,52,,,,,1,,,,14:48:17,0,0,0,0,0,
14:50:02,,,,,53,52,52,,,,,1,,,,14:48:17,0,0,0,0,0,
14:50:03,,,,,53,53,52,,,,,1,,,,14:48:17,0,0,0,0,0,
14:50:04,,,,,53,52,53,,,,,1,,,,14:48:17,0,0,0,0,0,
14:50:05,,,,,53,52,52,,,,,1,,,,14:48:17,0,0,0,0,0,
14:50:06,,,,,53,52,52,,,,,1,,,,14:48:17,0,0,0,0,0,
14:50:07,,,,,53,52,52,,,,,1,,,,14:48:17,0,0,0,0,0,
14:50:08,,,,,53,52,52,,,,,1,,,,14:48:17,0,0,0,0,0,
14:50:09,,,,,53,52,52,,,,,1,,,,14:48:17,0,0,0,0,0,
14:50:10,,,,,53,52,52,,,,,1,,,,14:48:17,0,0,0,0,0,
14:50:11,,,,,53,52,52,,,,,1,,,,14:48:17,0,0,0,0,0,
14:50:12,,,,,53,52,52,,,,,1,,,,14:48:17,0,0,0,0,0,
14:50:13,,,,,53,52,52,,,,,1,,,,14:48:17,0,0,0,0,0,
14:50:14,,,,,53,52,52,,,,,1,,,,14:48:17,0,0,0,0,0,
14:50:15,,,,,53,52,52,,,,,1,,,,14:48:17,0,0,0,0,0,
14:50:16,,,,,53,52,52,,,,,1,,,,14:48:17,0,0,0,0,0,
14:50:17,,,,,53,52,52,,,,,1,,,,14:48:17,0,0,0,0,0,
14:50:18,,,,,53,52,52,,,,,1,,,,14:48:17,0,0,0,0,0,
14:50:19,,,,,53,52,52,,,,,1,,,,14:48:17,0,0,0,0,0,
14:50:20,,,,,53,52,52,,,,,1,,,,14:48:17,0,0,0,0,0,
14:50:21,,,,,53,52,52,,,,,1,,,,14:48:17,0,0,0,0,0,
14:50:22,,,,,53,52,52,,,,,1,,,,14:48:17,0,0,0,0,0,
14:50:23,,,,,53,52,52,,,,,1,,,,14:48:17,0,0,0,0,0,
14:50:24,,,,,53,52,52,,,,,1,,,,14:48:17,0,0,0,0,0,
14:50:25,,,,,53,52,52,,,,,1,,,,14:48:17,0,0,0,0,0,
14:50:26,,,,,53,52,52,,,,,1,,,,14:48:17,0,0,0,0,0,
14:50:27,,,,,53,52,52,,,,,1,,,,14:48:17,0,0,0,0,0,
14:50:28,,,,,53,52,52,,,,,1,,,,14:48:17,0,0,0,0,0,
14:50:29,,,,,53,52,52,,,,,1,,,,14:48:17,0,0,0,0,0,
14:50:30,,,,,53,52,52,,,,,1,,,,14:48:17,0,0,0,0,0,
14:50:31,,,,,53,52,52,,,,,1,,,,14:48:17,0,0,0,0,0,
14:50:32,,,,,53,52,52,,,,,1,,,,14:48:17,0,0,0,0,0,
14:50:33,,,,,53,52,52,,,,,1,,,,14:48:17,0,0,0,0,0,
14:50:34,,,,,53,52,52,,,,,1,,,,14:48:17,0,0,0,0,0,
14:50:35,,,,,53,52,52,,,,,1,,,,14:48:17,0,0,0,0,0,
14:50:36,,,,,53,52,52,,,,,1,,,,14:48:17,0,0,0,0,0,
14:50:37,,,,,53,52,52,,,,,1,,,,14:48:17,0,0,0,0,0,
14:50:38,,,,,53,52,52,,,,,1,,,,14:48:17,0,0,0,0,0,
14:50:39,,,,,53,52,52,,,,,1,,,,14:48:17,0,0,0,0,0,
14:50:40,,,,,53,52,52,,,,,1,,,,14:48:17,0,0,0,0,0,
14:50:41,,,,,53,52,52,,,,,1,,,,14:48:17,0,0,0,0,0,
14:50:42,,,,,53,52,52,,,,,1,,,,14:48:17,0,0,0,0,0,
14:50:43,,,,,53,52,52,,,,,1,,,,14:48:17,0,0,0,0,0,
14:50:44,,,,,53,52,52,,,,,1,,,,14:48:17,0,0,0,0,0,
14:50:45,,,,,53,52,52,,,,,1,,,,14:48:17,0,0,0,0,0,
14:50:46,,,,,53,52,52,,,,,1,,,,14:48:17,0,0,0,0,0,
14:50:47,,,,,53,52,52,,,,,1,,,,14:48:17,0,0,0,0,0,
14:50:48,,,,,53,52,52,,,,,1,,,,14:48:17,0,0,0,0,0,
14:50:49,,,,,53,52,52,,,,,1,,,,14:48:17,0,0,0,0,0,
14:50:50,,,,,53,52,52,,,,,1,,,,14:48:17,0,0,0,0,0,
14:50:51,,,,,53,52,52,,,,,1,,,,14:48:17,0,0,0,0,0,
14:50:52,,,,,53,52,52,,,,,1,,,,14:48:17,0,0,0,0,0,
14:50:53,,,,,53,52,52,,,,,1,,,,14:48:17,0,0,0,0,0,
14:50:54,,,,,53,52,52,,,,,1,,,,14:48:17,0,0,0,0,0,
14:50:55,,,,,53,52,52,,,,,1,,,,14:48:17,0,0,0,0,0,
14:50:56,,,,,53,52,52,,,,,1,,,,14:48:17,0,0,0,0,0,
14:50:57,,,,,53,52,52,,,,,1,,,,14:48:17,0,0,0,0,0,
14:50:58,,,,,53,52,52,,,,,1,,,,14:48:17,0,0,0,0,0,
14:50:59,,,,,53,52,52,,,,,1,,,,14:48:17,0,0,0,0,0,
14:51:00,761,337,747,332,53,52,52,40,8,22,22.25,1,10,29,1,14:48:17,0,0,0,0,0,
14:51:01,,,,,53,52,52,,,,,1,,,,14:48:17,0,0,0,0,0,
14:51:02,,,,,53,52,52,,,,,1,,,,14:48:17,0,0,0,0,0,
14:51:03,,,,,53,52,52,,,,,1,,,,14:48:17,0,0,0,0,0,
14:51:04,,,,,53,52,52,,,,,1,,,,14:48:17,0,0,0,0,0,
14:51:05,,,,,53,52,52,,,,,1,,,,14:48:17,0,0,0,0,0,
14:51:06,,,,,53,52,52,,,,,1,,,,14:48:17,0,0,0,0,0,
14:51:07,,,,,53,52,52,,,,,1,,,,14:48:17,0,0,0,0,0,
14:51:08,,,,,53,52,52,,,,,1,,,,14:48:17,0,0,0,0,0,
14:51:09,,,,,53,52,52,,,,,1,,,,14:48:17,0,0,0,0,0,
14:51:10,,,,,53,52,52,,,,,1,,,,14:48:17,0,0,0,0,0,
14:51:11,,,,,53,52,52,,,,,1,,,,14:48:17,0,0,0,0,0,
14:51:12,,,,,53,52,52,,,,,1,,,,14:48:17,0,0,0,0,0,
14:51:13,,,,,53,52,52,,,,,1,,,,14:48:17,0,0,0,0,0,
14:51:14,,,,,53,52,52,,,,,1,,,,14:48:17,0,0,0,0,0,
14:51:15,,,,,53,52,52,,,,,1,,,,14:48:17,0,0,0,0,0,
14:51:16,,,,,53,52,52,,,,,1,,,,14:48:17,0,0,0,0,0,
14:51:17,,,,,53,52,52,,,,,1,,,,14:48:17,0,0,0,0,0,
14:51:18,,,,,53,52,52,,,,,1,,,,14:48:17,0,0,0,0,0,
14:51:19,,,,,53,52,52,,,,,1,,,,14:48:17,0,0,0,0,0,
14:51:20,,,,,53,52,52,,,,,1,,,,14:48:17,0,0,0,0,0,
14:51:21,,,,,53,52,52,,,,,1,,,,14:48:17,0,0,0,0,0,
14:51:22,,,,,53,52,52,,,,,1,,,,14:48:17,0,0,0,0,0,
14:51:23,,,,,53,52,52,,,,,1,,,,14:48:17,0,0,0,0,0,
14:51:24,,,,,53,52,52,,,,,1,,,,14:48:17,0,0,0,0,0,
14:51:25,,,,,53,52,52,,,,,1,,,,14:48:17,0,0,0,0,0,
14:51:26,,,,,53,52,52,,,,,1,,,,14:48:17,0,0,0,0,0,
14:51:27,,,,,53,52,52,,,,,1,,,,14:48:17,0,0,0,0,0,
14:51:28,,,,,53,52,52,,,,,1,,,,14:48:17,0,0,0,0,0,
14:51:29,,,,,53,52,52,,,,,1,,,,14:48:17,0,0,0,0,0,
14:51:30,,,,,53,52,52,,,,,1,,,,14:48:17,0,0,0,0,0,
14:51:31,,,,,53,52,52,,,,,1,,,,14:48:17,0,0,0,0,0,
14:51:32,,,,,53,52,52,,,,,1,,,,14:48:17,0,0,0,0,0,
14:51:33,,,,,53,52,52,,,,,1,,,,14:48:17,0,0,0,0,0,
14:51:34,,,,,53,52,52,,,,,1,,,,14:48:17,0,0,0,0,0,
14:51:35,,,,,53,52,52,,,,,1,,,,14:48:17,0,0,0,0,0,
14:51:36,,,,,53,52,52,,,,,1,,,,14:48:17,0,0,0,0,0,
14:51:37,,,,,53,52,52,,,,,1,,,,14:48:17,0,0,0,0,0,
14:51:38,,,,,53,52,52,,,,,1,,,,14:48:17,0,0,0,0,0,
14:51:39,,,,,53,52,52,,,,,1,,,,14:48:17,0,0,0,0,0,
14:51:40,,,,,53,52,52,,,,,1,,,,14:48:17,0,0,0,0,0,
14:51:41,,,,,53,52,52,,,,,1,,,,14:48:17,0,0,0,0,0,
14:51:42,,,,,53,52,52,,,,,1,,,,14:48:17,0,0,0,0,0,
14:51:43,,,,,53,52,52,,,,,1,,,,14:48:17,0,0,0,0,0,
14:51:44,,,,,53,52,52,,,,,1,,,,14:48:17,0,0,0,0,0,
14:51:45,,,,,53,52,52,,,,,1,,,,14:48:17,0,0,0,0,0,
14:51:46,,,,,53,52,52,,,,,1,,,,14:48:17,0,0,0,0,0,
14:51:47,,,,,53,52,52,,,,,1,,,,14:48:17,0,0,0,0,0,
14:51:48,,,,,53,52,52,,,,,1,,,,14:48:17,0,0,0,0,0,
14:51:49,,,,,53,52,52,,,,,1,,,,14:48:17,0,0,0,0,0,
14:51:50,,,,,53,52,52,,,,,1,,,,14:48:17,0,0,0,0,0,
14:51:51,,,,,53,52,52,,,,,1,,,,14:48:17,0,0,0,0,0,
14:51:52,,,,,53,52,52,,,,,1,,,,14:48:17,0,0,0,0,0,
14:51:53,,,,,53,52,52,,,,,1,,,,14:48:17,0,0,0,0,0,
14:51:54,,,,,53,52,52,,,,,1,,,,14:48:17,0,0,0,0,0,
14:51:55,,,,,53,52,52,,,,,1,,,,14:48:17,0,0,0,0,0,
14:51:56,,,,,53,52,52,,,,,1,,,,14:48:17,0,0,0,0,0,
14:51:57,,,,,53,52,52,,,,,1,,,,14:48:17,0,0,0,0,0,
14:51:58,,,,,53,52,52,,,,,1,,,,14:48:17,0,0,0,0,0,
14:51:59,,,,,53,52,52,,,,,1,,,,14:48:17,0,0,0,0,0,
14:52:00,761,337,747,332,53,52,52,40,8,22,22.25,1,10,29,1,14:48:17,0,0,0,0,0,
14:52:01,,,,,53,52,52,,,,,1,,,,14:48:17,0,0,0,0,0,
14:52:02,,,,,53,52,52,,,,,1,,,,14:48:17,0,0,0,0,0,
14:52:03,,,,,53,52,52,,,,,1,,,,14:48:17,0,0,0,0,0,
14:52:04,,,,,53,52,52,,,,,1,,,,14:48:17,0,0,0,0,0,
14:52:05,,,,,53,52,52,,,,,1,,,,14:48:17,0,0,0,0,0,
14:52:06,,,,,53,52,52,,,,,1,,,,14:48:17,0,0,0,0,0,
14:52:07,,,,,53,52,52,,,,,1,,,,14:48:17,0,0,0,0,0,
14:52:08,,,,,53,52,52,,,,,1,,,,14:48:17,0,0,0,0,0,
14:52:09,,,,,53,52,52,,,,,1,,,,14:48:17,0,0,0,0,0,
14:52:10,,,,,53,52,52,,,,,1,,,,14:48:17,0,0,0,0,0,
14:52:11,,,,,53,52,52,,,,,1,,,,14:48:17,0,0,0,0,0,
14:52:12,,,,,53,52,52,,,,,1,,,,14:48:17,0,0,0,0,0,
14:52:13,,,,,53,52,52,,,,,1,,,,14:48:17,0,0,0,0,0,
14:52:14,,,,,53,52,52,,,,,1,,,,14:48:17,0,0,0,0,0,
14:52:15,,,,,53,52,52,,,,,1,,,,14:48:17,0,0,0,0,0,
14:52:16,,,,,53,52,52,,,,,1,,,,14:48:17,0,0,0,0,0,
14:52:17,,,,,53,52,52,,,,,1,,,,14:48:17,0,0,0,0,0,
14:52:18,,,,,53,52,52,,,,,1,,,,14:48:17,0,0,0,0,0,
14:52:19,,,,,53,52,52,,,,,1,,,,14:48:17,0,0,0,0,0,
14:52:20,,,,,53,52,52,,,,,1,,,,14:48:17,0,0,0,0,0,
14:52:21,,,,,53,52,52,,,,,1,,,,14:48:17,0,0,0,0,0,
14:52:22,,,,,53,52,52,,,,,1,,,,14:48:17,0,0,0,0,0,
14:52:23,,,,,53,52,52,,,,,1,,,,14:48:17,0,0,0,0,0,
14:52:24,,,,,53,52,52,,,,,1,,,,14:48:17,0,0,0,0,0,
14:52:25,,,,,53,52,52,,,,,1,,,,14:48:17,0,0,0,0,0,
14:52:26,,,,,53,52,52,,,,,1,,,,14:48:17,0,0,0,0,0,
14:52:27,,,,,53,52,52,,,,,1,,,,14:48:17,0,0,0,0,0,
14:52:28,,,,,53,52,52,,,,,1,,,,14:48:17,0,0,0,0,0,
14:52:29,,,,,53,52,52,,,,,1,,,,14:48:17,0,0,0,0,0,
14:52:30,,,,,53,52,52,,,,,1,,,,14:48:17,0,0,0,0,0,
14:52:31,,,,,53,52,52,,,,,1,,,,14:48:17,0,0,0,0,0,
14:52:32,,,,,53,52,52,,,,,1,,,,14:48:17,0,0,0,0,0,
14:52:33,,,,,53,52,52,,,,,1,,,,14:48:17,0,0,0,0,0,
14:52:34,,,,,53,52,52,,,,,1,,,,14:48:17,0,0,0,0,0,
14:52:35,,,,,53,52,52,,,,,1,,,,14:48:17,0,0,0,0,0,
14:52:36,,,,,53,52,52,,,,,1,,,,14:48:17,0,0,0,0,0,
14:52:37,,,,,53,52,52,,,,,1,,,,14:48:17,0,0,0,0,0,
14:52:38,,,,,32,31,52,,,,,1,,,,14:48:17,0,0,0,0,0,
14:52:39,,,,,13,11,31,,,,,2,,,,14:52:38,1,28,60,1,0,
14:52:40,,,,,9,7,12,,,,,2,,,,14:52:38,1,27,60,1,0,
14:52:41,,,,,11,10,8,,,,,2,,,,14:52:38,1,26,60,1,0,
14:52:42,,,,,15,13,10,,,,,2,,,,14:52:38,1,25,60,1,0,
14:52:43,,,,,23,21,14,,,,,2,,,,14:52:38,1,24,60,1,0,
14:52:44,,,,,20,19,22,,,,,2,,,,14:52:38,1,23,60,1,0,
14:52:45,,,,,42,41,19,,,,,2,,,,14:52:38,1,22,60,1,0,
14:52:46,,,,,38,37,41,,,,,2,,,,14:52:38,1,21,60,1,0,
14:52:47,,,,,37,36,37,,,,,2,,,,14:52:38,1,20,60,1,0,
14:52:48,,,,,37,36,36,,,,,2,,,,14:52:38,1,19,60,1,0,
14:52:49,,,,,37,36,36,,,,,2,,,,14:52:38,1,18,60,1,0,
14:52:50,,,,,37,36,36,,,,,2,,,,14:52:38,1,17,60,1,0,
14:52:51,,,,,37,36,36,,,,,2,,,,14:52:38,1,16,60,1,0,
14:52:52,,,,,37,36,36,,,,,2,,,,14:52:38,1,15,60,1,0,
14:52:53,,,,,37,36,36,,,,,2,,,,14:52:38,1,14,60,1,0,
14:52:54,,,,,37,35,36,,,,,2,,,,14:52:38,1,13,60,1,0,
14:52:55,,,,,37,36,36,,,,,2,,,,14:52:38,1,12,60,1,0,
14:52:56,,,,,37,35,36,,,,,2,,,,14:52:38,1,11,60,1,0,
14:52:57,,,,,37,36,36,,,,,2,,,,14:52:38,1,10,60,1,0,
14:52:58,,,,,37,36,36,,,,,2,,,,14:52:38,1,9,60,1,0,
14:52:59,,,,,37,35,36,,,,,2,,,,14:52:38,1,8,60,1,0,
14:53:00,761,337,747,332,37,35,36,40,8,22,22.25,2,10,29,1,14:52:38,1,7,60,1,0,
14:53:01,,,,,37,35,36,,,,,2,,,,14:52:38,1,6,60,1,0,
14:53:02,,,,,36,35,36,,,,,2,,,,14:52:38,1,5,60,1,0,
14:53:03,,,,,36,35,35,,,,,2,,,,14:52:38,1,4,60,1,0,
14:53:04,,,,,37,35,35,,,,,2,,,,14:52:38,1,3,60,1,0,
14:53:05,,,,,36,35,36,,,,,2,,,,14:52:38,1,2,60,1,0,
14:53:06,,,,,37,35,35,,,,,2,,,,14:52:38,1,1,60,1,0,
14:53:07,,,,,37,35,36,,,,,2,,,,14:52:38,1,0,60,1,0,
14:53:08,,,,,36,35,36,,,,,2,,,,14:52:38,0,0,59,0,0,
14:53:09,,,,,37,35,35,,,,,2,,,,14:52:38,0,0,58,0,0,
14:53:10,,,,,37,35,36,,,,,2,,,,14:52:38,0,0,57,0,0,
14:53:11,,,,,36,35,36,,,,,2,,,,14:52:38,0,0,56,0,0,
14:53:12,,,,,36,35,35,,,,,2,,,,14:52:38,0,0,55,0,0,
14:53:13,,,,,37,35,35,,,,,2,,,,14:52:38,0,0,54,0,0,
14:53:14,,,,,37,35,36,,,,,2,,,,14:52:38,0,0,53,0,0,
14:53:15,,,,,36,35,36,,,,,2,,,,14:52:38,0,0,52,0,0,
14:53:16,,,,,36,35,35,,,,,2,,,,14:52:38,0,0,51,0,0,
14:53:17,,,,,36,35,35,,,,,2,,,,14:52:38,0,0,50,0,0,
14:53:18,,,,,37,35,35,,,,,2,,,,14:52:38,0,0,49,0,0,
14:53:19,,,,,36,35,36,,,,,2,,,,14:52:38,0,0,48,0,0,
14:53:20,,,,,36,35,35,,,,,2,,,,14:52:38,0,0,47,0,0,
14:53:21,,,,,37,35,35,,,,,2,,,,14:52:38,0,0,46,0,0,
14:53:22,,,,,36,35,36,,,,,2,,,,14:52:38,0,0,45,0,0,
14:53:23,,,,,36,35,35,,,,,2,,,,14:52:38,0,0,44,0,0,
14:53:24,,,,,36,35,35,,,,,2,,,,14:52:38,0,0,43,0,0,
14:53:25,,,,,36,35,35,,,,,2,,,,14:52:38,0,0,42,0,0,
14:53:26,,,,,36,35,35,,,,,2,,,,14:52:38,0,0,41,0,0,
14:53:27,,,,,36,35,35,,,,,2,,,,14:52:38,0,0,40,0,0,
14:53:28,,,,,36,35,35,,,,,2,,,,14:52:38,0,0,39,0,0,
14:53:29,,,,,36,35,35,,,,,2,,,,14:52:38,0,0,38,0,0,
14:53:30,,,,,36,35,35,,,,,2,,,,14:52:38,0,0,37,0,0,
14:53:31,,,,,36,35,35,,,,,2,,,,14:52:38,0,0,36,0,0,
14:53:32,,,,,36,35,35,,,,,2,,,,14:52:38,0,0,35,0,0,
14:53:33,,,,,36,35,35,,,,,2,,,,14:52:38,0,0,34,0,0,
14:53:34,,,,,36,35,35,,,,,2,,,,14:52:38,0,0,33,0,0,
14:53:35,,,,,36,35,35,,,,,2,,,,14:52:38,0,0,32,0,0,
14:53:36,,,,,36,35,35,,,,,2,,,,14:52:38,0,0,31,0,0,
14:53:37,,,,,36,35,35,,,,,2,,,,14:52:38,0,0,30,0,0,
14:53:38,,,,,36,35,35,,,,,2,,,,14:52:38,0,0,29,0,0,
14:53:39,,,,,36,35,35,,,,,2,,,,14:52:38,0,0,28,0,0,
14:53:40,,,,,36,35,35,,,,,2,,,,14:52:38,0,0,27,0,0,
14:53:41,,,,,36,35,35,,,,,2,,,,14:52:38,0,0,26,0,0,
14:53:42,,,,,36,35,35,,,,,2,,,,14:52:38,0,0,25,0,0,
14:53:43,,,,,36,35,35,,,,,2,,,,14:52:38,0,0,24,0,0,
14:53:44,,,,,36,35,35,,,,,2,,,,14:52:38,0,0,23,0,0,
14:53:45,,,,,36,35,35,,,,,2,,,,14:52:38,0,0,22,0,0,
14:53:46,,,,,36,35,35,,,,,2,,,,14:52:38,0,0,21,0,0,
14:53:47,,,,,36,35,35,,,,,2,,,,14:52:38,0,0,20,0,0,
14:53:48,,,,,36,35,35,,,,,2,,,,14:52:38,0,0,19,0,0,
14:53:49,,,,,36,35,35,,,,,2,,,,14:52:38,0,0,18,0,0,
14:53:50,,,,,36,35,35,,,,,2,,,,14:52:38,0,0,17,0,0,
14:53:51,,,,,36,35,35,,,,,2,,,,14:52:38,0,0,16,0,0,
14:53:52,,,,,36,35,35,,,,,2,,,,14:52:38,0,0,15,0,0,
14:53:53,,,,,36,35,35,,,,,2,,,,14:52:38,0,0,14,0,0,
14:53:54,,,,,36,35,35,,,,,2,,,,14:52:38,0,0,14,0,0,
14:53:55,,,,,36,35,35,,,,,2,,,,14:52:38,0,0,12,0,0,
14:53:56,,,,,36,35,35,,,,,2,,,,14:52:38,0,0,12,0,0,
14:53:57,,,,,36,35,35,,,,,2,,,,14:52:38,0,0,11,0,0,
14:53:58,,,,,36,35,35,,,,,2,,,,14:52:38,0,0,10,0,0,
14:53:59,,,,,36,35,35,,,,,2,,,,14:52:38,0,0,9,0,0,
14:54:00,761,337,747,332,36,35,35,40,8,22,22.00,2,10,29,1,14:52:38,0,0,8,0,0,
14:54:01,,,,,36,35,35,,,,,2,,,,14:52:38,0,0,7,0,0,
14:54:02,,,,,36,35,35,,,,,2,,,,14:52:38,0,0,6,0,0,
14:54:03,,,,,36,35,35,,,,,2,,,,14:52:38,0,0,5,0,0,
14:54:04,,,,,36,35,35,,,,,2,,,,14:52:38,0,0,4,0,0,
14:54:05,,,,,36,35,35,,,,,2,,,,14:52:38,0,0,3,0,0,
14:54:06,,,,,36,34,35,,,,,2,,,,14:52:38,0,0,2,0,0,
14:54:07,,,,,36,35,35,,,,,2,,,,14:52:38,0,0,1,0,0,
14:54:08,,,,,36,34,35,,,,,2,,,,14:52:38,0,0,0,0,0,
14:54:09,,,,,36,35,35,,,,,3,,,,14:54:08,1,28,60,1,0,
14:54:10,,,,,36,34,35,,,,,3,,,,14:54:08,1,27,60,1,0,
14:54:11,,,,,36,34,35,,,,,3,,,,14:54:08,1,26,60,1,0,
14:54:12,,,,,36,34,35,,,,,3,,,,14:54:08,1,25,60,1,0,
14:54:13,,,,,36,34,35,,,,,3,,,,14:54:08,1,24,60,1,0,
14:54:14,,,,,36,34,35,,,,,3,,,,14:54:08,1,23,60,1,0,
14:54:15,,,,,35,34,35,,,,,3,,,,14:54:08,1,22,60,1,0,
14:54:16,,,,,36,34,34,,,,,3,,,,14:54:08,1,21,60,1,0,
14:54:17,,,,,35,34,35,,,,,3,,,,14:54:08,1,20,60,1,0,
14:54:18,,,,,36,34,34,,,,,3,,,,14:54:08,1,19,60,1,0,
14:54:19,,,,,36,35,35,,,,,3,,,,14:54:08,1,18,60,1,0,
14:54:20,,,,,35,34,35,,,,,3,,,,14:54:08,1,17,60,1,0,
14:54:21,,,,,36,34,34,,,,,3,,,,14:54:08,1,16,60,1,0,
14:54:22,,,,,36,34,35,,,,,3,,,,14:54:08,1,15,60,1,0,
14:54:23,,,,,36,34,35,,,,,3,,,,14:54:08,1,14,60,1,0,
14:54:24,,,,,36,34,35,,,,,3,,,,14:54:08,1,13,60,1,0,
14:54:25,,,,,36,35,35,,,,,3,,,,14:54:08,1,12,60,1,0,
14:54:26,,,,,35,34,35,,,,,3,,,,14:54:08,1,11,60,1,0,
14:54:27,,,,,36,34,34,,,,,3,,,,14:54:08,1,10,60,1,0,
14:54:28,,,,,36,34,35,,,,,3,,,,14:54:08,1,9,60,1,0,
14:54:29,,,,,36,34,35,,,,,3,,,,14:54:08,1,8,60,1,0,
14:54:30,,,,,36,34,35,,,,,3,,,,14:54:08,1,7,60,1,0,
14:54:31,,,,,36,34,35,,,,,3,,,,14:54:08,1,6,60,1,0,
14:54:32,,,,,36,34,35,,,,,3,,,,14:54:08,1,5,60,1,0,
14:54:33,,,,,36,35,35,,,,,3,,,,14:54:08,1,4,60,1,0,
14:54:34,,,,,36,34,35,,,,,3,,,,14:54:08,1,3,60,1,0,
14:54:35,,,,,36,34,35,,,,,3,,,,14:54:08,1,2,60,1,0,
14:54:36,,,,,35,34,35,,,,,3,,,,14:54:08,1,1,60,1,0,
14:54:37,,,,,36,34,34,,,,,3,,,,14:54:08,1,0,60,1,0,
14:54:38,,,,,35,34,35,,,,,3,,,,14:54:08,0,0,59,0,0,
14:54:39,,,,,36,35,34,,,,,3,,,,14:54:08,0,0,58,0,0,
14:54:40,,,,,36,34,35,,,,,3,,,,14:54:08,0,0,57,0,0,
14:54:41,,,,,36,34,35,,,,,3,,,,14:54:08,0,0,56,0,0,
14:54:42,,,,,36,34,35,,,,,3,,,,14:54:08,0,0,55,0,0,
14:54:43,,,,,36,34,35,,,,,3,,,,14:54:08,0,0,54,0,0,
14:54:44,,,,,36,35,35,,,,,3,,,,14:54:08,0,0,53,0,0,
14:54:45,,,,,36,34,35,,,,,3,,,,14:54:08,0,0,52,0,0,
14:54:46,,,,,36,35,35,,,,,3,,,,14:54:08,0,0,51,0,0,
14:54:47,,,,,36,35,35,,,,,3,,,,14:54:08,0,0,50,0,0,
14:54:48,,,,,36,35,35,,,,,3,,,,14:54:08,0,0,49,0,0,
14:54:49,,,,,36,35,35,,,,,3,,,,14:54:08,0,0,48,0,0,
14:54:50,,,,,36,34,35,,,,,3,,,,14:54:08,0,0,47,0,0,
14:54:51,,,,,36,35,35,,,,,3,,,,14:54:08,0,0,46,0,0,
14:54:52,,,,,36,34,35,,,,,3,,,,14:54:08,0,0,45,0,0,
14:54:53,,,,,36,35,35,,,,,3,,,,14:54:08,0,0,44,0,0,
14:54:54,,,,,36,35,35,,,,,3,,,,14:54:08,0,0,43,0,0,
14:54:55,,,,,36,35,35,,,,,3,,,,14:54:08,0,0,42,0,0,
14:54:56,,,,,36,35,35,,,,,3,,,,14:54:08,0,0,41,0,0,
14:54:57,,,,,36,34,35,,,,,3,,,,14:54:08,0,0,40,0,0,
14:54:58,,,,,36,35,35,,,,,3,,,,14:54:08,0,0,39,0,0,
14:54:59,,,,,36,34,35,,,,,3,,,,14:54:08,0,0,38,0,0,
14:55:00,761,337,747,332,36,35,35,40,8,22,22.00,3,10,29,1,14:54:08,0,0,37,0,0,
14:55:01,,,,,36,34,35,,,,,3,,,,14:54:08,0,0,36,0,0,
14:55:02,,,,,36,35,35,,,,,3,,,,14:54:08,0,0,35,0,0,
14:55:03,,,,,36,35,35,,,,,3,,,,14:54:08,0,0,34,0,0,
14:55:04,,,,,36,34,35,,,,,3,,,,14:54:08,0,0,33,0,0,
14:55:05,,,,,36,34,35,,,,,3,,,,14:54:08,0,0,32,0,0,
14:55:06,,,,,35,34,35,,,,,3,,,,14:54:08,0,0,31,0,0,
14:55:07,,,,,36,34,34,,,,,3,,,,14:54:08,0,0,30,0,0,
14:55:08,,,,,35,34,35,,,,,3,,,,14:54:08,0,0,29,0,0,
14:55:09,,,,,36,35,34,,,,,3,,,,14:54:08,0,0,28,0,0,
14:55:10,,,,,36,35,35,,,,,3,,,,14:54:08,0,0,27,0,0,
14:55:11,,,,,35,34,35,,,,,3,,,,14:54:08,0,0,26,0,0,
14:55:12,,,,,36,34,34,,,,,3,,,,14:54:08,0,0,25,0,0,
14:55:13,,,,,35,34,35,,,,,3,,,,14:54:08,0,0,24,0,0,
14:55:14,,,,,36,34,34,,,,,3,,,,14:54:08,0,0,23,0,0,
14:55:15,,,,,35,34,35,,,,,3,,,,14:54:08,0,0,22,0,0,
14:55:16,,,,,36,34,34,,,,,3,,,,14:54:08,0,0,21,0,0,
14:55:17,,,,,36,34,35,,,,,3,,,,14:54:08,0,0,20,0,0,
14:55:18,,,,,35,34,35,,,,,3,,,,14:54:08,0,0,19,0,0,
14:55:19,,,,,36,34,34,,,,,3,,,,14:54:08,0,0,19,0,0,
14:55:20,,,,,35,34,35,,,,,3,,,,14:54:08,0,0,17,0,0,
14:55:21,,,,,36,34,34,,,,,3,,,,14:54:08,0,0,16,0,0,
14:55:22,,,,,36,34,35,,,,,3,,,,14:54:08,0,0,16,0,0,
14:55:23,,,,,36,34,35,,,,,3,,,,14:54:08,0,0,14,0,0,
14:55:24,,,,,36,34,35,,,,,3,,,,14:54:08,0,0,14,0,0,
14:55:25,,,,,36,35,35,,,,,3,,,,14:54:08,0,0,13,0,0,
14:55:26,,,,,36,34,35,,,,,3,,,,14:54:08,0,0,11,0,0,
14:55:27,,,,,35,34,35,,,,,3,,,,14:54:08,0,0,11,0,0,
14:55:28,,,,,36,34,34,,,,,3,,,,14:54:08,0,0,10,0,0,
14:55:29,,,,,35,34,35,,,,,3,,,,14:54:08,0,0,9,0,0,
14:55:30,,,,,36,34,34,,,,,3,,,,14:54:08,0,0,8,0,0,
14:55:31,,,,,36,35,35,,,,,3,,,,14:54:08,0,0,7,0,0,
14:55:32,,,,,36,34,35,,,,,3,,,,14:54:08,0,0,6,0,0,
14:55:33,,,,,36,34,35,,,,,3,,,,14:54:08,0,0,5,0,0,
14:55:34,,,,,36,34,35,,,,,3,,,,14:54:08,0,0,4,0,0,
14:55:35,,,,,36,35,35,,,,,3,,,,14:54:08,0,0,3,0,0,
14:55:36,,,,,35,34,35,,,,,3,,,,14:54:08,0,0,2,0,0,
14:55:37,,,,,36,34,34,,,,,3,,,,14:54:08,0,0,1,0,0,
14:55:38,,,,,35,34,35,,,,,3,,,,14:54:08,0,0,0,0,0,
14:55:39,,,,,35,34,34,,,,,4,,,,14:55:38,1,28,60,1,0,
14:55:40,,,,,35,34,34,,,,,4,,,,14:55:38,1,27,60,1,0,
14:55:41,,,,,35,34,34,,,,,4,,,,14:55:38,1,26,60,1,0,
14:55:42,,,,,35,34,34,,,,,4,,,,14:55:38,1,25,60,1,0,
14:55:43,,,,,35,34,34,,,,,4,,,,14:55:38,1,24,60,1,0,
14:55:44,,,,,35,34,34,,,,,4,,,,14:55:38,1,23,60,1,0,
14:55:45,,,,,35,34,34,,,,,4,,,,14:55:38,1,22,60,1,0,
14:55:46,,,,,35,34,34,,,,,4,,,,14:55:38,1,21,60,1,0,
14:55:47,,,,,35,34,34,,,,,4,,,,14:55:38,1,20,60,1,0,
14:55:48,,,,,35,34,34,,,,,4,,,,14:55:38,1,19,60,1,0,
14:55:49,,,,,35,34,34,,,,,4,,,,14:55:38,1,18,60,1,0,
14:55:50,,,,,35,34,34,,,,,4,,,,14:55:38,1,17,60,1,0,
14:55:51,,,,,35,34,34,,,,,4,,,,14:55:38,1,16,60,1,0,
14:55:52,,,,,35,34,34,,,,,4,,,,14:55:38,1,15,60,1,0,
14:55:53,,,,,35,34,34,,,,,4,,,,14:55:38,1,14,60,1,0,
14:55:54,,,,,35,34,34,,,,,4,,,,14:55:38,1,13,60,1,0,
14:55:55,,,,,35,34,34,,,,,4,,,,14:55:38,1,12,60,1,0,
14:55:56,,,,,35,34,34,,,,,4,,,,14:55:38,1,11,60,1,0,
14:55:57,,,,,35,34,34,,,,,4,,,,14:55:38,1,10,60,1,0,
14:55:58,,,,,35,34,34,,,,,4,,,,14:55:38,1,9,60,1,0,
14:55:59,,,,,35,34,34,,,,,4,,,,14:55:38,1,8,60,1,0,
14:56:00,761,337,747,332,35,34,34,40,8,22,22.00,4,10,29,1,14:55:38,1,7,60,1,0,
14:56:01,,,,,35,34,34,,,,,4,,,,14:55:38,1,6,60,1,0,
14:56:02,,,,,35,34,34,,,,,4,,,,14:55:38,1,5,60,1,0,
14:56:03,,,,,35,34,34,,,,,4,,,,14:55:38,1,4,60,1,0,
14:56:04,,,,,35,34,34,,,,,4,,,,14:55:38,1,3,60,1,0,
14:56:05,,,,,35,34,34,,,,,4,,,,14:55:38,1,2,60,1,0,
14:56:06,,,,,35,34,34,,,,,4,,,,14:55:38,1,1,60,1,0,
14:56:07,,,,,35,34,34,,,,,4,,,,14:55:38,1,0,60,1,0,
14:56:08,,,,,36,34,34,,,,,4,,,,14:55:38,0,0,59,0,0,
14:56:09,,,,,35,34,35,,,,,4,,,,14:55:38,0,0,58,0,0,
14:56:10,,,,,36,34,34,,,,,4,,,,14:55:38,0,0,57,0,0,
14:56:11,,,,,35,34,35,,,,,4,,,,14:55:38,0,0,56,0,0,
14:56:12,,,,,36,34,34,,,,,4,,,,14:55:38,0,0,55,0,0,
14:56:13,,,,,35,34,35,,,,,4,,,,14:55:38,0,0,54,0,0,
14:56:14,,,,,36,34,34,,,,,4,,,,14:55:38,0,0,53,0,0,
14:56:15,,,,,35,34,35,,,,,4,,,,14:55:38,0,0,52,0,0,
14:56:16,,,,,35,34,34,,,,,4,,,,14:55:38,0,0,51,0,0,
14:56:17,,,,,35,34,34,,,,,4,,,,14:55:38,0,0,50,0,0,
14:56:18,,,,,35,34,34,,,,,4,,,,14:55:38,0,0,49,0,0,
14:56:19,,,,,36,34,34,,,,,4,,,,14:55:38,0,0,48,0,0,
14:56:20,,,,,35,34,35,,,,,4,,,,14:55:38,0,0,47,0,0,
14:56:21,,,,,36,34,34,,,,,4,,,,14:55:38,0,0,46,0,0,
14:56:22,,,,,36,34,35,,,,,4,,,,14:55:38,0,0,45,0,0,
14:56:23,,,,,35,34,35,,,,,4,,,,14:55:38,0,0,44,0,0,
14:56:24,,,,,36,34,34,,,,,4,,,,14:55:38,0,0,43,0,0,
14:56:25,,,,,35,34,35,,,,,4,,,,14:55:38,0,0,42,0,0,
14:56:26,,,,,36,34,34,,,,,4,,,,14:55:38,0,0,41,0,0,
14:56:27,,,,,35,34,35,,,,,4,,,,14:55:38,0,0,40,0,0,
14:56:28,,,,,36,34,34,,,,,4,,,,14:55:38,0,0,39,0,0,
14:56:29,,,,,36,34,35,,,,,4,,,,14:55:38,0,0,38,0,0,
14:56:30,,,,,36,34,35,,,,,4,,,,14:55:38,0,0,37,0,0,
14:56:31,,,,,35,34,35,,,,,4,,,,14:55:38,0,0,36,0,0,
14:56:32,,,,,35,34,34,,,,,4,,,,14:55:38,0,0,35,0,0,
14:56:33,,,,,36,34,34,,,,,4,,,,14:55:38,0,0,34,0,0,
14:56:34,,,,,36,34,35,,,,,4,,,,14:55:38,0,0,33,0,0,
14:56:35,,,,,35,34,35,,,,,4,,,,14:55:38,0,0,32,0,0,
14:56:36,,,,,35,34,34,,,,,4,,,,14:55:38,0,0,31,0,0,
14:56:37,,,,,35,34,34,,,,,4,,,,14:55:38,0,0,30,0,0,
14:56:38,,,,,35,34,34,,,,,4,,,,14:55:38,0,0,29,0,0,
14:56:39,,,,,35,34,34,,,,,4,,,,14:55:38,0,0,28,0,0,
14:56:40,,,,,35,34,34,,,,,4,,,,14:55:38,0,0,27,0,0,
14:56:41,,,,,35,34,34,,,,,4,,,,14:55:38,0,0,26,0,0,
14:56:42,,,,,35,34,34,,,,,4,,,,14:55:38,0,0,25,0,0,
14:56:43,,,,,35,34,34,,,,,4,,,,14:55:38,0,0,24,0,0,
14:56:44,,,,,36,34,34,,,,,4,,,,14:55:38,0,0,23,0,0,
14:56:45,,,,,35,34,35,,,,,4,,,,14:55:38,0,0,23,0,0,
14:56:46,,,,,35,34,34,,,,,4,,,,14:55:38,0,0,22,0,0,
14:56:47,,,,,35,34,34,,,,,4,,,,14:55:38,0,0,21,0,0,
14:56:48,,,,,35,34,34,,,,,4,,,,14:55:38,0,0,20,0,0,
14:56:49,,,,,36,34,34,,,,,4,,,,14:55:38,0,0,19,0,0,
14:56:50,,,,,35,34,35,,,,,4,,,,14:55:38,0,0,17,0,0,
14:56:51,,,,,36,34,34,,,,,4,,,,14:55:38,0,0,16,0,0,
14:56:52,,,,,36,34,35,,,,,4,,,,14:55:38,0,0,16,0,0,
14:56:53,,,,,35,34,35,,,,,4,,,,14:55:38,0,0,15,0,0,
14:56:54,,,,,36,34,34,,,,,4,,,,14:55:38,0,0,14,0,0,
14:56:55,,,,,35,34,35,,,,,4,,,,14:55:38,0,0,13,0,0,
14:56:56,,,,,35,34,34,,,,,4,,,,14:55:38,0,0,12,0,0,
14:56:57,,,,,35,34,34,,,,,4,,,,14:55:38,0,0,11,0,0,
14:56:58,,,,,35,34,34,,,,,4,,,,14:55:38,0,0,10,0,0,
14:56:59,,,,,36,34,34,,,,,4,,,,14:55:38,0,0,9,0,0,
14:57:00,761,337,747,332,35,34,35,40,8,22,21.75,4,10,29,1,14:55:38,0,0,8,0,0,
14:57:01,,,,,35,34,34,,,,,4,,,,14:55:38,0,0,7,0,0,
14:57:02,,,,,35,34,34,,,,,4,,,,14:55:38,0,0,6,0,0,
14:57:03,,,,,35,34,34,,,,,4,,,,14:55:38,0,0,5,0,0,
14:57:04,,,,,35,34,34,,,,,4,,,,14:55:38,0,0,4,0,0,
14:57:05,,,,,35,34,34,,,,,4,,,,14:55:38,0,0,3,0,0,
14:57:06,,,,,35,34,34,,,,,4,,,,14:55:38,0,0,2,0,0,
14:57:07,,,,,35,34,34,,,,,4,,,,14:55:38,0,0,1,0,0,
14:57:08,,,,,35,34,34,,,,,4,,,,14:55:38,0,0,0,0,0,
14:57:09,,,,,35,34,34,,,,,5,,,,14:57:08,1,28,60,1,0,
14:57:10,,,,,35,34,34,,,,,5,,,,14:57:08,1,27,60,1,0,
14:57:11,,,,,35,34,34,,,,,5,,,,14:57:08,1,26,60,1,0,
14:57:12,,,,,35,34,34,,,,,5,,,,14:57:08,1,25,60,1,0,
14:57:13,,,,,35,34,34,,,,,5,,,,14:57:08,1,24,60,1,0,
14:57:14,,,,,35,34,34,,,,,5,,,,14:57:08,1,23,60,1,0,
14:57:15,,,,,35,34,34,,,,,5,,,,14:57:08,1,22,60,1,0,
14:57:16,,,,,35,34,34,,,,,5,,,,14:57:08,1,21,60,1,0,
14:57:17,,,,,35,34,34,,,,,5,,,,14:57:08,1,20,60,1,0,
14:57:18,,,,,35,34,34,,,,,5,,,,14:57:08,1,19,60,1,0,
14:57:19,,,,,35,34,34,,,,,5,,,,14:57:08,1,18,60,1,0,
14:57:20,,,,,35,34,34,,,,,5,,,,14:57:08,1,17,60,1,0,
14:57:21,,,,,35,34,34,,,,,5,,,,14:57:08,1,16,60,1,0,
14:57:22,,,,,35,34,34,,,,,5,,,,14:57:08,1,15,60,1,0,
14:57:23,,,,,35,34,34,,,,,5,,,,14:57:08,1,14,60,1,0,
14:57:24,,,,,35,34,34,,,,,5,,,,14:57:08,1,13,60,1,0,
14:57:25,,,,,35,34,34,,,,,5,,,,14:57:08,1,12,60,1,0,
14:57:26,,,,,35,34,34,,,,,5,,,,14:57:08,1,11,60,1,0,
14:57:27,,,,,35,34,34,,,,,5,,,,14:57:08,1,10,60,1,0,
14:57:28,,,,,35,34,34,,,,,5,,,,14:57:08,1,9,60,1,0,
14:57:29,,,,,35,34,34,,,,,5,,,,14:57:08,1,8,60,1,0,
14:57:30,,,,,35,34,34,,,,,5,,,,14:57:08,1,7,60,1,0,
14:57:31,,,,,35,34,34,,,,,5,,,,14:57:08,1,6,60,1,0,
14:57:32,,,,,35,34,34,,,,,5,,,,14:57:08,1,5,60,1,0,
14:57:33,,,,,35,34,34,,,,,5,,,,14:57:08,1,4,60,1,0,
14:57:34,,,,,36,34,34,,,,,5,,,,14:57:08,1,3,60,1,0,
14:57:35,,,,,35,34,35,,,,,5,,,,14:57:08,1,2,60,1,0,
14:57:36,,,,,35,34,34,,,,,5,,,,14:57:08,1,1,60,1,0,
14:57:37,,,,,28,26,34,,,,,5,,,,14:57:08,1,0,60,1,0,
14:57:38,,,,,12,10,27,,,,,5,,,,14:57:08,0,0,59,0,0,
14:57:39,,,,,4,2,11,,,,,5,,,,14:57:08,0,0,58,0,0,
14:57:40,,,,,4,3,3,,,,,5,,,,14:57:08,0,0,57,0,0,
14:57:41,,,,,14,12,3,,,,,5,,,,14:57:08,0,0,56,0,0,
14:57:42,,,,,7,5,13,,,,,5,,,,14:57:08,0,0,55,0,0,
14:57:43,,,,,17,15,6,,,,,5,,,,14:57:08,0,0,54,0,0,
14:57:44,,,,,60,59,16,,,,,5,,,,14:57:08,0,0,53,0,0,
14:57:45,,,,,62,61,59,,,,,5,,,,14:57:08,0,0,52,0,0,
14:57:46,,,,,61,60,61,,,,,5,,,,14:57:08,0,0,51,0,0,
14:57:47,,,,,61,60,60,,,,,5,,,,14:57:08,0,0,50,0,0,
14:57:48,,,,,60,60,60,,,,,5,,,,14:57:08,0,0,49,0,0,
14:57:49,,,,,62,61,60,,,,,5,,,,14:57:08,0,0,48,0,0,
14:57:50,,,,,6,5,61,,,,,5,,,,14:57:08,0,0,47,0,0,
14:57:51,,,,,8,7,5,,,,,5,,,,14:57:08,0,0,46,0,0,
14:57:52,,,,,7,5,7,,,,,5,,,,14:57:08,0,0,45,0,0,
14:57:53,,,,,6,4,6,,,,,5,,,,14:57:08,0,0,44,0,0,
14:57:54,,,,,7,6,5,,,,,5,,,,14:57:08,0,0,43,0,0,
14:57:55,,,,,5,3,6,,,,,5,,,,14:57:08,0,0,42,0,0,
14:57:56,,,,,4,3,4,,,,,5,,,,14:57:08,0,0,41,0,0,
14:57:57,,,,,5,3,3,,,,,5,,,,14:57:08,0,0,40,0,0,
14:57:58,,,,,5,3,4,,,,,5,,,,14:57:08,0,0,39,0,0,
14:57:59,,,,,9,7,4,,,,,5,,,,14:57:08,0,0,38,0,0,
14:58:00,761,337,747,332,68,67,8,40,8,22,22.00,5,10,29,1,14:57:08,0,0,37,0,0,
14:58:01,,,,,66,65,67,,,,,5,,,,14:57:08,0,0,36,0,0,
14:58:02,,,,,65,65,65,,,,,5,,,,14:57:08,0,0,35,0,0,
14:58:03,,,,,65,65,65,,,,,5,,,,14:57:08,0,0,34,0,0,
14:58:04,,,,,65,65,65,,,,,5,,,,14:57:08,0,0,33,0,0,
14:58:05,,,,,65,64,65,,,,,5,,,,14:57:08,0,0,32,0,0,
14:58:06,,,,,65,64,64,,,,,5,,,,14:57:08,0,0,31,0,0,
14:58:07,,,,,65,64,64,,,,,5,,,,14:57:08,0,0,30,0,0,
14:58:08,,,,,65,64,64,,,,,5,,,,14:57:08,0,0,29,0,0,
14:58:09,,,,,65,64,64,,,,,5,,,,14:57:08,0,0,28,0,0,
14:58:10,,,,,65,64,64,,,,,5,,,,14:57:08,0,0,27,0,0,
14:58:11,,,,,65,64,64,,,,,5,,,,14:57:08,0,0,26,0,0,
14:58:12,,,,,64,64,64,,,,,5,,,,14:57:08,0,0,25,0,0,
14:58:13,,,,,65,64,64,,,,,5,,,,14:57:08,0,0,24,0,0,
14:58:14,,,,,65,64,64,,,,,5,,,,14:57:08,0,0,23,0,0,
14:58:15,,,,,65,64,64,,,,,5,,,,14:57:08,0,0,23,0,0,
14:58:16,,,,,64,64,64,,,,,5,,,,14:57:08,0,0,22,0,0,
14:58:17,,,,,65,64,64,,,,,5,,,,14:57:08,0,0,21,0,0,
14:58:18,,,,,65,65,64,,,,,5,,,,14:57:08,0,0,20,0,0,
14:58:19,,,,,65,64,65,,,,,5,,,,14:57:08,0,0,19,0,0,
14:58:20,,,,,65,64,64,,,,,5,,,,14:57:08,0,0,18,0,0,
14:58:21,,,,,65,64,64,,,,,5,,,,14:57:08,0,0,17,0,0,
14:58:22,,,,,65,64,64,,,,,5,,,,14:57:08,0,0,16,0,0,
14:58:23,,,,,65,64,64,,,,,5,,,,14:57:08,0,0,15,0,0,
14:58:24,,,,,65,64,64,,,,,5,,,,14:57:08,0,0,14,0,0,
14:58:25,,,,,65,64,64,,,,,5,,,,14:57:08,0,0,13,0,0,
14:58:26,,,,,65,64,64,,,,,5,,,,14:57:08,0,0,12,0,0,
14:58:27,,,,,65,64,64,,,,,5,,,,14:57:08,0,0,11,0,0,
14:58:28,,,,,65,64,64,,,,,5,,,,14:57:08,0,0,10,0,0,
14:58:29,,,,,65,64,64,,,,,5,,,,14:57:08,0,0,9,0,0,
14:58:30,,,,,65,64,64,,,,,5,,,,14:57:08,0,0,8,0,0,
14:58:31,,,,,65,64,64,,,,,5,,,,14:57:08,0,0,7,0,0,
14:58:32,,,,,65,64,64,,,,,5,,,,14:57:08,0,0,6,0,0,
14:58:33,,,,,65,64,64,,,,,5,,,,14:57:08,0,0,5,0,0,
14:58:34,,,,,65,64,64,,,,,5,,,,14:57:08,0,0,4,0,0,
14:58:35,,,,,65,64,64,,,,,5,,,,14:57:08,0,0,3,0,0,
14:58:36,,,,,65,64,64,,,,,5,,,,14:57:08,0,0,2,0,0,
14:58:37,,,,,65,64,64,,,,,5,,,,14:57:08,0,0,1,0,0,
14:58:38,,,,,65,64,64,,,,,5,,,,14:57:08,0,0,0,0,0,
14:58:39,,,,,65,64,64,,,,,5,,,,14:57:08,0,0,0,0,0,
14:58:40,,,,,65,64,64,,,,,5,,,,14:57:08,0,0,0,0,0,
14:58:41,,,,,65,64,64,,,,,5,,,,14:57:08,0,0,0,0,0,
14:58:42,,,,,65,64,64,,,,,5,,,,14:57:08,0,0,0,0,0,
14:58:43,,,,,65,64,64,,,,,5,,,,14:57:08,0,0,0,0,0,
14:58:44,,,,,65,64,64,,,,,5,,,,14:57:08,0,0,0,0,0,
14:58:45,,,,,65,64,64,,,,,5,,,,14:57:08,0,0,0,0,0,
14:58:46,,,,,65,64,64,,,,,5,,,,14:57:08,0,0,0,0,0,
14:58:47,,,,,65,64,64,,,,,5,,,,14:57:08,0,0,0,0,0,
14:58:48,,,,,65,64,64,,,,,5,,,,14:57:08,0,0,0,0,0,
14:58:49,,,,,64,64,64,,,,,5,,,,14:57:08,0,0,0,0,0,
14:58:50,,,,,65,64,64,,,,,5,,,,14:57:08,0,0,0,0,0,
14:58:51,,,,,65,64,64,,,,,5,,,,14:57:08,0,0,0,0,0,
14:58:52,,,,,65,64,64,,,,,5,,,,14:57:08,0,0,0,0,0,
14:58:53,,,,,64,64,64,,,,,5,,,,14:57:08,0,0,0,0,0,
14:58:54,,,,,65,64,64,,,,,5,,,,14:57:08,0,0,0,0,0,
14:58:55,,,,,65,64,64,,,,,5,,,,14:57:08,0,0,0,0,0,
14:58:56,,,,,65,64,64,,,,,5,,,,14:57:08,0,0,0,0,0,
14:58:57,,,,,65,64,64,,,,,5,,,,14:57:08,0,0,0,0,0,
14:58:58,,,,,65,64,64,,,,,5,,,,14:57:08,0,0,0,0,0,
14:58:59,,,,,65,64,64,,,,,5,,,,14:57:08,0,0,0,0,0,
14:59:00,761,337,747,332,65,64,64,40,8,22,21.75,5,10,29,1,14:57:08,0,0,0,0,0,
14:59:01,,,,,65,64,64,,,,,5,,,,14:57:08,0,0,0,0,0,
14:59:02,,,,,65,64,64,,,,,5,,,,14:57:08,0,0,0,0,0,
14:59:03,,,,,65,64,64,,,,,5,,,,14:57:08,0,0,0,0,0,
14:59:04,,,,,65,64,64,,,,,5,,,,14:57:08,0,0,0,0,0,
14:59:05,,,,,65,64,64,,,,,5,,,,14:57:08,0,0,0,0,0,
14:59:06,,,,,65,64,64,,,,,5,,,,14:57:08,0,0,0,0,0,
14:59:07,,,,,65,64,64,,,,,5,,,,14:57:08,0,0,0,0,0,
14:59:08,,,,,65,64,64,,,,,5,,,,14:57:08,0,0,0,0,0,
14:59:09,,,,,65,64,64,,,,,5,,,,14:57:08,0,0,0,0,0,
14:59:10,,,,,65,64,64,,,,,5,,,,14:57:08,0,0,0,0,0,
14:59:11,,,,,65,64,64,,,,,5,,,,14:57:08,0,0,0,0,0,
14:59:12,,,,,64,64,64,,,,,5,,,,14:57:08,0,0,0,0,0,
14:59:13,,,,,65,64,64,,,,,5,,,,14:57:08,0,0,0,0,0,
14:59:14,,,,,64,64,64,,,,,5,,,,14:57:08,0,0,0,0,0,
14:59:15,,,,,65,64,64,,,,,5,,,,14:57:08,0,0,0,0,0,
14:59:16,,,,,65,64,64,,,,,5,,,,14:57:08,0,0,0,0,0,
14:59:17,,,,,64,64,64,,,,,5,,,,14:57:08,0,0,0,0,0,
14:59:18,,,,,65,64,64,,,,,5,,,,14:57:08,0,0,0,0,0,
14:59:19,,,,,64,64,64,,,,,5,,,,14:57:08,0,0,0,0,0,
14:59:20,,,,,65,64,64,,,,,5,,,,14:57:08,0,0,0,0,0,
14:59:21,,,,,64,64,64,,,,,5,,,,14:57:08,0,0,0,0,0,
14:59:22,,,,,65,64,64,,,,,5,,,,14:57:08,0,0,0,0,0,
14:59:23,,,,,65,64,64,,,,,5,,,,14:57:08,0,0,0,0,0,
14:59:24,,,,,65,64,64,,,,,5,,,,14:57:08,0,0,0,0,0,
14:59:25,,,,,65,64,64,,,,,5,,,,14:57:08,0,0,0,0,0,
14:59:26,,,,,64,64,64,,,,,5,,,,14:57:08,0,0,0,0,0,
14:59:27,,,,,65,64,64,,,,,5,,,,14:57:08,0,0,0,0,0,
14:59:28,,,,,64,64,64,,,,,5,,,,14:57:08,0,0,0,0,0,
14:59:29,,,,,65,64,64,,,,,5,,,,14:57:08,0,0,0,0,0,
14:59:30,,,,,65,64,64,,,,,5,,,,14:57:08,0,0,0,0,0,
14:59:31,,,,,65,64,64,,,,,5,,,,14:57:08,0,0,0,0,0,
14:59:32,,,,,65,64,64,,,,,5,,,,14:57:08,0,0,0,0,0,
14:59:33,,,,,64,64,64,,,,,5,,,,14:57:08,0,0,0,0,0,
14:59:34,,,,,65,64,64,,,,,5,,,,14:57:08,0,0,0,0,0,
14:59:35,,,,,64,64,64,,,,,5,,,,14:57:08,0,0,0,0,0,
14:59:36,,,,,65,64,64,,,,,5,,,,14:57:08,0,0,0,0,0,
14:59:37,,,,,65,64,64,,,,,5,,,,14:57:08,0,0,0,0,0,
14:59:38,,,,,64,64,64,,,,,5,,,,14:57:08,0,0,0,0,0,
14:59:39,,,,,65,64,64,,,,,5,,,,14:57:08,0,0,0,0,0,
14:59:40,,,,,65,64,64,,,,,5,,,,14:57:08,0,0,0,0,0,
14:59:41,,,,,64,63,64,,,,,5,,,,14:57:08,0,0,0,0,0,
14:59:42,,,,,64,64,63,,,,,5,,,,14:57:08,0,0,0,0,0,
14:59:43,,,,,64,64,64,,,,,5,,,,14:57:08,0,0,0,0,0,
14:59:44,,,,,64,64,64,,,,,5,,,,14:57:08,0,0,0,0,0,
14:59:45,,,,,64,64,64,,,,,5,,,,14:57:08,0,0,0,0,0,
14:59:46,,,,,64,64,64,,,,,5,,,,14:57:08,0,0,0,0,0,
14:59:47,,,,,64,63,64,,,,,5,,,,14:57:08,0,0,0,0,0,
14:59:48,,,,,64,64,63,,,,,5,,,,14:57:08,0,0,0,0,0,
14:59:49,,,,,64,63,64,,,,,5,,,,14:57:08,0,0,0,0,0,
14:59:50,,,,,64,64,63,,,,,5,,,,14:57:08,0,0,0,0,0,
14:59:51,,,,,64,64,64,,,,,5,,,,14:57:08,0,0,0,0,0,
14:59:52,,,,,64,64,64,,,,,5,,,,14:57:08,0,0,0,0,0,
14:59:53,,,,,64,64,64,,,,,5,,,,14:57:08,0,0,0,0,0,
14:59:54,,,,,64,64,64,,,,,5,,,,14:57:08,0,0,0,0,0,
14:59:55,,,,,64,64,64,,,,,5,,,,14:57:08,0,0,0,0,0,
14:59:56,,,,,64,63,64,,,,,5,,,,14:57:08,0,0,0,0,0,
14:59:57,,,,,64,64,63,,,,,5,,,,14:57:08,0,0,0,0,0,
14:59:58,,,,,64,64,64,,,,,5,,,,14:57:08,0,0,0,0,0,
14:59:59,,,,,64,64,64,,,,,5,,,,14:57:08,0,0,0,0,0,
15:00:00,761,337,747,332,65,64,64,40,8,22,21.75,5,10,29,1,14:57:08,0,0,0,0,0,
15:00:01,,,,,64,64,64,,,,,5,,,,14:57:08,0,0,0,0,0,
15:00:02,,,,,64,64,64,,,,,5,,,,14:57:08,0,0,0,0,0,
15:00:03,,,,,64,64,64,,,,,5,,,,14:57:08,0,0,0,0,0,
15:00:04,,,,,64,64,64,,,,,5,,,,14:57:08,0,0,0,0,0,
15:00:05,,,,,64,63,64,,,,,5,,,,14:57:08,0,0,0,0,0,
15:00:06,,,,,64,64,63,,,,,5,,,,14:57:08,0,0,0,0,0,
15:00:07,,,,,64,64,64,,,,,5,,,,14:57:08,0,0,0,0,0,
15:00:08,,,,,64,63,64,,,,,5,,,,14:57:08,0,0,0,0,0,
15:00:09,,,,,64,64,63,,,,,5,,,,14:57:08,0,0,0,0,0,
15:00:10,,,,,64,63,64,,,,,5,,,,14:57:08,0,0,0,0,0,
15:00:11,,,,,64,63,63,,,,,5,,,,14:57:08,0,0,0,0,0,
15:00:12,,,,,64,63,63,,,,,5,,,,14:57:08,0,0,0,0,0,
15:00:13,,,,,64,64,63,,,,,5,,,,14:57:08,0,0,0,0,0,
15:00:14,,,,,64,63,64,,,,,5,,,,14:57:08,0,0,0,0,0,
15:00:15,,,,,64,63,63,,,,,5,,,,14:57:08,0,0,0,0,0,
15:00:16,,,,,64,64,63,,,,,5,,,,14:57:08,0,0,0,0,0,
15:00:17,,,,,64,63,64,,,,,5,,,,14:57:08,0,0,0,0,0,
15:00:18,,,,,64,64,63,,,,,5,,,,14:57:08,0,0,0,0,0,
15:00:19,,,,,64,63,64,,,,,5,,,,14:57:08,0,0,0,0,0,
15:00:20,,,,,64,63,63,,,,,5,,,,14:57:08,0,0,0,0,0,
15:00:21,,,,,64,64,63,,,,,5,,,,14:57:08,0,0,0,0,0,
15:00:22,,,,,64,63,64,,,,,5,,,,14:57:08,0,0,0,0,0,
15:00:23,,,,,64,64,63,,,,,5,,,,14:57:08,0,0,0,0,0,
15:00:24,,,,,64,63,64,,,,,5,,,,14:57:08,0,0,0,0,0,
15:00:25,,,,,64,63,63,,,,,5,,,,14:57:08,0,0,0,0,0,
15:00:26,,,,,64,63,63,,,,,5,,,,14:57:08,0,0,0,0,0,
15:00:27,,,,,64,64,63,,,,,5,,,,14:57:08,0,0,0,0,0,
15:00:28,,,,,64,63,64,,,,,5,,,,14:57:08,0,0,0,0,0,
15:00:29,,,,,64,64,63,,,,,5,,,,14:57:08,0,0,0,0,0,
15:00:30,,,,,64,64,64,,,,,5,,,,14:57:08,0,0,0,0,0,
15:00:31,,,,,64,63,64,,,,,5,,,,14:57:08,0,0,0,0,0,
15:00:32,,,,,64,63,63,,,,,5,,,,14:57:08,0,0,0,0,0,
15:00:33,,,,,64,63,63,,,,,5,,,,14:57:08,0,0,0,0,0,
15:00:34,,,,,64,63,63,,,,,5,,,,14:57:08,0,0,0,0,0,
15:00:35,,,,,64,63,63,,,,,5,,,,14:57:08,0,0,0,0,0,
15:00:36,,,,,64,64,63,,,,,5,,,,14:57:08,0,0,0,0,0,
15:00:37,,,,,64,63,64,,,,,5,,,,14:57:08,0,0,0,0,0,
15:00:38,,,,,64,63,63,,,,,5,,,,14:57:08,0,0,0,0,0,
15:00:39,,,,,64,63,63,,,,,5,,,,14:57:08,0,0,0,0,0,
15:00:40,,,,,64,63,63,,,,,5,,,,14:57:08,0,0,0,0,0,
15:00:41,,,,,64,64,63,,,,,5,,,,14:57:08,0,0,0,0,0,
15:00:42,,,,,64,63,64,,,,,5,,,,14:57:08,0,0,0,0,0,
15:00:43,,,,,64,63,63,,,,,5,,,,14:57:08,0,0,0,0,0,
15:00:44,,,,,64,63,63,,,,,5,,,,14:57:08,0,0,0,0,0,
15:00:45,,,,,64,63,63,,,,,5,,,,14:57:08,0,0,0,0,0,
15:00:46,,,,,64,63,63,,,,,5,,,,14:57:08,0,0,0,0,0,
15:00:47,,,,,64,63,63,,,,,5,,,,14:57:08,0,0,0,0,0,
15:00:48,,,,,64,64,63,,,,,5,,,,14:57:08,0,0,0,0,0,
15:00:49,,,,,64,63,64,,,,,5,,,,14:57:08,0,0,0,0,0,
15:00:50,,,,,64,63,63,,,,,5,,,,14:57:08,0,0,0,0,0,
15:00:51,,,,,64,64,63,,,,,5,,,,14:57:08,0,0,0,0,0,
15:00:52,,,,,64,63,64,,,,,5,,,,14:57:08,0,0,0,0,0,
15:00:53,,,,,64,64,63,,,,,5,,,,14:57:08,0,0,0,0,0,
15:00:54,,,,,64,63,64,,,,,5,,,,14:57:08,0,0,0,0,0,
15:00:55,,,,,64,64,63,,,,,5,,,,14:57:08,0,0,0,0,0,
15:00:56,,,,,64,63,64,,,,,5,,,,14:57:08,0,0,0,0,0,
15:00:57,,,,,64,63,63,,,,,5,,,,14:57:08,0,0,0,0,0,
15:00:58,,,,,64,63,63,,,,,5,,,,14:57:08,0,0,0,0,0,
15:00:59,,,,,64,63,63,,,,,5,,,,14:57:08,0,0,0,0,0,
15:01:00,761,337,747,332,64,64,63,40,8,22,21.75,5,10,29,1,14:57:08,0,0,0,0,0,
15:01:01,,,,,64,63,64,,,,,5,,,,14:57:08,0,0,0,0,0,
15:01:02,,,,,64,63,63,,,,,5,,,,14:57:08,0,0,0,0,0,
15:01:03,,,,,64,63,63,,,,,5,,,,14:57:08,0,0,0,0,0,
15:01:04,,,,,64,64,63,,,,,5,,,,14:57:08,0,0,0,0,0,
15:01:05,,,,,64,63,64,,,,,5,,,,14:57:08,0,0,0,0,0,
15:01:06,,,,,64,63,63,,,,,5,,,,14:57:08,0,0,0,0,0,
15:01:07,,,,,64,63,63,,,,,5,,,,14:57:08,0,0,0,0,0,
15:01:08,,,,,64,63,63,,,,,5,,,,14:57:08,0,0,0,0,0,
15:01:09,,,,,64,64,63,,,,,5,,,,14:57:08,0,0,0,0,0,
15:01:10,,,,,64,63,64,,,,,5,,,,14:57:08,0,0,0,0,0,
15:01:11,,,,,64,63,63,,,,,5,,,,14:57:08,0,0,0,0,0,
15:01:12,,,,,64,63,63,,,,,5,,,,14:57:08,0,0,0,0,0,
15:01:13,,,,,64,63,63,,,,,5,,,,14:57:08,0,0,0,0,0,
15:01:14,,,,,64,63,63,,,,,5,,,,14:57:08,0,0,0,0,0,
15:01:15,,,,,64,63,63,,,,,5,,,,14:57:08,0,0,0,0,0,
15:01:16,,,,,64,63,63,,,,,5,,,,14:57:08,0,0,0,0,0,
15:01:17,,,,,64,63,63,,,,,5,,,,14:57:08,0,0,0,0,0,
15:01:18,,,,,64,63,63,,,,,5,,,,14:57:08,0,0,0,0,0,
15:01:19,,,,,64,63,63,,,,,5,,,,14:57:08,0,0,0,0,0,
15:01:20,,,,,64,63,63,,,,,5,,,,14:57:08,0,0,0,0,0,
15:01:21,,,,,64,63,63,,,,,5,,,,14:57:08,0,0,0,0,0,
15:01:22,,,,,64,63,63,,,,,5,,,,14:57:08,0,0,0,0,0,
15:01:23,,,,,64,63,63,,,,,5,,,,14:57:08,0,0,0,0,0,
15:01:24,,,,,64,63,63,,,,,5,,,,14:57:08,0,0,0,0,0,
15:01:25,,,,,64,63,63,,,,,5,,,,14:57:08,0,0,0,0,0,
15:01:26,,,,,64,63,63,,,,,5,,,,14:57:08,0,0,0,0,0,
15:01:27,,,,,64,63,63,,,,,5,,,,14:57:08,0,0,0,0,0,
15:01:28,,,,,64,63,63,,,,,5,,,,14:57:08,0,0,0,0,0,
15:01:29,,,,,64,63,63,,,,,5,,,,14:57:08,0,0,0,0,0,
15:01:30,,,,,64,63,63,,,,,5,,,,14:57:08,0,0,0,0,0,
15:01:31,,,,,64,63,63,,,,,5,,,,14:57:08,0,0,0,0,0,
15:01:32,,,,,64,63,63,,,,,5,,,,14:57:08,0,0,0,0,0,
15:01:33,,,,,64,63,63,,,,,5,,,,14:57:08,0,0,0,0,0,
15:01:34,,,,,64,63,63,,,,,5,,,,14:57:08,0,0,0,0,0,
15:01:35,,,,,64,63,63,,,,,5,,,,14:57:08,0,0,0,0,0,
15:01:36,,,,,64,63,63,,,,,5,,,,14:57:08,0,0,0,0,0,
15:01:37,,,,,64,63,63,,,,,5,,,,14:57:08,0,0,0,0,0,
15:01:38,,,,,64,63,63,,,,,5,,,,14:57:08,0,0,0,0,0,
15:01:39,,,,,64,64,63,,,,,5,,,,14:57:08,0,0,0,0,0,
15:01:40,,,,,64,63,64,,,,,5,,,,14:57:08,0,0,0,0,0,
15:01:41,,,,,64,63,63,,,,,5,,,,14:57:08,0,0,0,0,0,
15:01:42,,,,,64,63,63,,,,,5,,,,14:57:08,0,0,0,0,0,
15:01:43,,,,,64,63,63,,,,,5,,,,14:57:08,0,0,0,0,0,
15:01:44,,,,,64,63,63,,,,,5,,,,14:57:08,0,0,0,0,0,
15:01:45,,,,,64,63,63,,,,,5,,,,14:57:08,0,0,0,0,0,
15:01:46,,,,,64,63,63,,,,,5,,,,14:57:08,0,0,0,0,0,
15:01:47,,,,,64,63,63,,,,,5,,,,14:57:08,0,0,0,0,0,
15:01:48,,,,,64,63,63,,,,,5,,,,14:57:08,0,0,0,0,0,
15:01:49,,,,,64,63,63,,,,,5,,,,14:57:08,0,0,0,0,0,
15:01:50,,,,,64,63,63,,,,,5,,,,14:57:08,0,0,0,0,0,
15:01:51,,,,,64,63,63,,,,,5,,,,14:57:08,0,0,0,0,0,
15:01:52,,,,,64,63,63,,,,,5,,,,14:57:08,0,0,0,0,0,
15:01:53,,,,,64,63,63,,,,,5,,,,14:57:08,0,0,0,0,0,
15:01:54,,,,,64,63,63,,,,,5,,,,14:57:08,0,0,0,0,0,
15:01:55,,,,,64,63,63,,,,,5,,,,14:57:08,0,0,0,0,0,
15:01:56,,,,,64,63,63,,,,,5,,,,14:57:08,0,0,0,0,0,
15:01:57,,,,,64,63,63,,,,,5,,,,14:57:08,0,0,0,0,0,
15:01:58,,,,,64,63,63,,,,,5,,,,14:57:08,0,0,0,0,0,
15:01:59,,,,,64,63,63,,,,,5,,,,14:57:08,0,0,0,0,0,
15:02:00,761,337,747,332,64,63,63,40,8,22,21.75,5,10,29,1,14:57:08,0,0,0,0,0,
15:02:01,,,,,64,63,63,,,,,5,,,,14:57:08,0,0,0,0,0,
15:02:02,,,,,64,63,63,,,,,5,,,,14:57:08,0,0,0,0,0,
15:02:03,,,,,64,63,63,,,,,5,,,,14:57:08,0,0,0,0,0,
15:02:04,,,,,64,63,63,,,,,5,,,,14:57:08,0,0,0,0,0,
15:02:05,,,,,64,63,63,,,,,5,,,,14:57:08,0,0,0,0,0,
15:02:06,,,,,63,63,63,,,,,5,,,,14:57:08,0,0,0,0,0,
15:02:07,,,,,64,63,63,,,,,5,,,,14:57:08,0,0,0,0,0,
15:02:08,,,,,64,63,63,,,,,5,,,,14:57:08,0,0,0,0,0,
15:02:09,,,,,64,63,63,,,,,5,,,,14:57:08,0,0,0,0,0,
15:02:10,,,,,64,63,63,,,,,5,,,,14:57:08,0,0,0,0,0,
15:02:11,,,,,64,63,63,,,,,5,,,,14:57:08,0,0,0,0,0,
15:02:12,,,,,64,63,63,,,,,5,,,,14:57:08,0,0,0,0,0,
15:02:13,,,,,64,63,63,,,,,5,,,,14:57:08,0,0,0,0,0,
15:02:14,,,,,64,63,63,,,,,5,,,,14:57:08,0,0,0,0,0,
15:02:15,,,,,64,63,63,,,,,5,,,,14:57:08,0,0,0,0,0,
15:02:16,,,,,64,63,63,,,,,5,,,,14:57:08,0,0,0,0,0,
15:02:17,,,,,64,63,63,,,,,5,,,,14:57:08,0,0,0,0,0,
15:02:18,,,,,63,63,63,,,,,5,,,,14:57:08,0,0,0,0,0,
15:02:19,,,,,64,63,63,,,,,5,,,,14:57:08,0,0,0,0,0,
15:02:20,,,,,63,63,63,,,,,5,,,,14:57:08,0,0,0,0,0,
15:02:21,,,,,64,63,63,,,,,5,,,,14:57:08,0,0,0,0,0,
15:02:22,,,,,64,63,63,,,,,5,,,,14:57:08,0,0,0,0,0,
15:02:23,,,,,64,63,63,,,,,5,,,,14:57:08,0,0,0,0,0,
15:02:24,,,,,64,63,63,,,,,5,,,,14:57:08,0,0,0,0,0,
15:02:25,,,,,64,63,63,,,,,5,,,,14:57:08,0,0,0,0,0,
15:02:26,,,,,64,63,63,,,,,5,,,,14:57:08,0,0,0,0,0,
15:02:27,,,,,64,63,63,,,,,5,,,,14:57:08,0,0,0,0,0,
15:02:28,,,,,64,63,63,,,,,5,,,,14:57:08,0,0,0,0,0,
15:02:29,,,,,63,63,63,,,,,5,,,,14:57:08,0,0,0,0,0,
15:02:30,,,,,64,63,63,,,,,5,,,,14:57:08,0,0,0,0,0,
15:02:31,,,,,64,63,63,,,,,5,,,,14:57:08,0,0,0,0,0,
15:02:32,,,,,64,63,63,,,,,5,,,,14:57:08,0,0,0,0,0,
15:02:33,,,,,64,63,63,,,,,5,,,,14:57:08,0,0,0,0,0,
15:02:34,,,,,64,63,63,,,,,5,,,,14:57:08,0,0,0,0,0,
15:02:35,,,,,64,63,63,,,,,5,,,,14:57:08,0,0,0,0,0,
15:02:36,,,,,64,63,63,,,,,5,,,,14:57:08,0,0,0,0,0,
15:02:37,,,,,29,29,63,,,,,5,,,,14:57:08,0,0,0,0,0,
15:02:38,,,,,20,18,29,,,,,6,,,,15:02:37,1,28,60,1,0,
15:02:39,,,,,41,40,19,,,,,6,,,,15:02:37,1,27,60,1,0,
15:02:40,,,,,57,56,40,,,,,6,,,,15:02:37,1,26,60,1,0,
15:02:41,,,,,55,54,56,,,,,6,,,,15:02:37,1,25,60,1,0,
15:02:42,,,,,55,54,54,,,,,6,,,,15:02:37,1,24,60,1,0,
15:02:43,,,,,54,53,54,,,,,6,,,,15:02:37,1,23,60,1,0,
15:02:44,,,,,55,54,53,,,,,6,,,,15:02:37,1,22,60,1,0,
15:02:45,,,,,54,53,54,,,,,6,,,,15:02:37,1,21,60,1,0,
15:02:46,,,,,54,54,53,,,,,6,,,,15:02:37,1,20,60,1,0,
15:02:47,,,,,54,54,54,,,,,6,,,,15:02:37,1,19,60,1,0,
15:02:48,,,,,54,53,54,,,,,6,,,,15:02:37,1,18,60,1,0,
15:02:49,,,,,54,53,53,,,,,6,,,,15:02:37,1,17,60,1,0,
15:02:50,,,,,54,53,53,,,,,6,,,,15:02:37,1,16,60,1,0,
15:02:51,,,,,54,53,53,,,,,6,,,,15:02:37,1,15,60,1,0,
15:02:52,,,,,54,53,53,,,,,6,,,,15:02:37,1,14,60,1,0,
15:02:53,,,,,54,53,53,,,,,6,,,,15:02:37,1,13,60,1,0,
15:02:54,,,,,54,53,53,,,,,6,,,,15:02:37,1,12,60,1,0,
15:02:55,,,,,54,53,53,,,,,6,,,,15:02:37,1,11,60,1,0,
15:02:56,,,,,54,53,53,,,,,6,,,,15:02:37,1,10,60,1,0,
15:02:57,,,,,54,53,53,,,,,6,,,,15:02:37,1,9,60,1,0,
15:02:58,,,,,54,53,53,,,,,6,,,,15:02:37,1,8,60,1,0,
15:02:59,,,,,54,53,53,,,,,6,,,,15:02:37,1,7,60,1,0,
15:03:00,761,337,747,332,54,53,53,40,8,22,21.75,6,10,29,1,15:02:37,1,6,60,1,0,
15:03:01,,,,,54,53,53,,,,,6,,,,15:02:37,1,5,60,1,0,
15:03:02,,,,,54,53,53,,,,,6,,,,15:02:37,1,4,60,1,0,
15:03:03,,,,,54,53,53,,,,,6,,,,15:02:37,1,3,60,1,0,
15:03:04,,,,,54,53,53,,,,,6,,,,15:02:37,1,2,60,1,0,
15:03:05,,,,,54,53,53,,,,,6,,,,15:02:37,1,1,60,1,0,
15:03:06,,,,,54,53,53,,,,,6,,,,15:02:37,1,0,60,1,0,
15:03:07,,,,,54,54,53,,,,,6,,,,15:02:37,0,0,59,0,0,
15:03:08,,,,,54,53,54,,,,,6,,,,15:02:37,0,0,58,0,0,
15:03:09,,,,,54,53,53,,,,,6,,,,15:02:37,0,0,57,0,0,
15:03:10,,,,,54,54,53,,,,,6,,,,15:02:37,0,0,56,0,0,
15:03:11,,,,,54,53,54,,,,,6,,,,15:02:37,0,0,55,0,0,
15:03:12,,,,,54,54,53,,,,,6,,,,15:02:37,0,0,54,0,0,
15:03:13,,,,,54,53,54,,,,,6,,,,15:02:37,0,0,53,0,0,
15:03:14,,,,,54,53,53,,,,,6,,,,15:02:37,0,0,52,0,0,
15:03:15,,,,,54,53,53,,,,,6,,,,15:02:37,0,0,51,0,0,
15:03:16,,,,,54,53,53,,,,,6,,,,15:02:37,0,0,50,0,0,
15:03:17,,,,,54,53,53,,,,,6,,,,15:02:37,0,0,49,0,0,
15:03:18,,,,,54,53,53,,,,,6,,,,15:02:37,0,0,48,0,0,
15:03:19,,,,,54,53,53,,,,,6,,,,15:02:37,0,0,47,0,0,
15:03:20,,,,,54,53,53,,,,,6,,,,15:02:37,0,0,46,0,0,
15:03:21,,,,,54,53,53,,,,,6,,,,15:02:37,0,0,45,0,0,
15:03:22,,,,,54,53,53,,,,,6,,,,15:02:37,0,0,44,0,0,
15:03:23,,,,,54,53,53,,,,,6,,,,15:02:37,0,0,43,0,0,
15:03:24,,,,,54,53,53,,,,,6,,,,15:02:37,0,0,42,0,0,
15:03:25,,,,,54,53,53,,,,,6,,,,15:02:37,0,0,41,0,0,
15:03:26,,,,,54,53,53,,,,,6,,,,15:02:37,0,0,40,0,0,
15:03:27,,,,,54,53,53,,,,,6,,,,15:02:37,0,0,39,0,0,
15:03:28,,,,,54,53,53,,,,,6,,,,15:02:37,0,0,38,0,0,
15:03:29,,,,,54,53,53,,,,,6,,,,15:02:37,0,0,37,0,0,
15:03:30,,,,,54,53,53,,,,,6,,,,15:02:37,0,0,36,0,0,
15:03:31,,,,,54,53,53,,,,,6,,,,15:02:37,0,0,35,0,0,
15:03:32,,,,,54,53,53,,,,,6,,,,15:02:37,0,0,34,0,0,
15:03:33,,,,,54,53,53,,,,,6,,,,15:02:37,0,0,33,0,0,
15:03:34,,,,,54,53,53,,,,,6,,,,15:02:37,0,0,32,0,0,
15:03:35,,,,,54,53,53,,,,,6,,,,15:02:37,0,0,31,0,0,
15:03:36,,,,,54,53,53,,,,,6,,,,15:02:37,0,0,30,0,0,
15:03:37,,,,,54,53,53,,,,,6,,,,15:02:37,0,0,29,0,0,
15:03:38,,,,,54,53,53,,,,,6,,,,15:02:37,0,0,28,0,0,
15:03:39,,,,,54,53,53,,,,,6,,,,15:02:37,0,0,27,0,0,
15:03:40,,,,,54,53,53,,,,,6,,,,15:02:37,0,0,26,0,0,
15:03:41,,,,,54,53,53,,,,,6,,,,15:02:37,0,0,25,0,0,
15:03:42,,,,,54,53,53,,,,,6,,,,15:02:37,0,0,24,0,0,
15:03:43,,,,,54,53,53,,,,,6,,,,15:02:37,0,0,23,0,0,
15:03:44,,,,,54,53,53,,,,,6,,,,15:02:37,0,0,22,0,0,
15:03:45,,,,,54,53,53,,,,,6,,,,15:02:37,0,0,21,0,0,
15:03:46,,,,,54,53,53,,,,,6,,,,15:02:37,0,0,20,0,0,
15:03:47,,,,,54,53,53,,,,,6,,,,15:02:37,0,0,19,0,0,
15:03:48,,,,,54,53,53,,,,,6,,,,15:02:37,0,0,18,0,0,
15:03:49,,,,,54,53,53,,,,,6,,,,15:02:37,0,0,17,0,0,
15:03:50,,,,,54,53,53,,,,,6,,,,15:02:37,0,0,17,0,0,
15:03:51,,,,,54,53,53,,,,,6,,,,15:02:37,0,0,16,0,0,
15:03:52,,,,,54,53,53,,,,,6,,,,15:02:37,0,0,15,0,0,
15:03:53,,,,,54,53,53,,,,,6,,,,15:02:37,0,0,13,0,0,
15:03:54,,,,,54,53,53,,,,,6,,,,15:02:37,0,0,12,0,0,
15:03:55,,,,,54,53,53,,,,,6,,,,15:02:37,0,0,11,0,0,
15:03:56,,,,,54,53,53,,,,,6,,,,15:02:37,0,0,10,0,0,
15:03:57,,,,,54,53,53,,,,,6,,,,15:02:37,0,0,10,0,0,
15:03:58,,,,,54,53,53,,,,,6,,,,15:02:37,0,0,9,0,0,
15:03:59,,,,,54,53,53,,,,,6,,,,15:02:37,0,0,8,0,0,
15:04:00,761,337,747,332,54,53,53,40,8,22,21.75,6,10,29,1,15:02:37,0,0,7,0,0,
15:04:01,,,,,54,53,53,,,,,6,,,,15:02:37,0,0,6,0,0,
15:04:02,,,,,54,53,53,,,,,6,,,,15:02:37,0,0,5,0,0,
15:04:03,,,,,54,53,53,,,,,6,,,,15:02:37,0,0,4,0,0,
15:04:04,,,,,54,53,53,,,,,6,,,,15:02:37,0,0,3,0,0,
15:04:05,,,,,54,53,53,,,,,6,,,,15:02:37,0,0,2,0,0,
15:04:06,,,,,54,53,53,,,,,6,,,,15:02:37,0,0,1,0,0,
15:04:07,,,,,54,53,53,,,,,6,,,,15:02:37,0,0,0,0,0,
15:04:08,,,,,54,53,53,,,,,6,,,,15:02:37,0,0,0,0,0,
15:04:09,,,,,54,53,53,,,,,6,,,,15:02:37,0,0,0,0,0,
15:04:10,,,,,54,53,53,,,,,6,,,,15:02:37,0,0,0,0,0,
15:04:11,,,,,54,53,53,,,,,6,,,,15:02:37,0,0,0,0,0,
15:04:12,,,,,54,53,53,,,,,6,,,,15:02:37,0,0,0,0,0,
15:04:13,,,,,54,53,53,,,,,6,,,,15:02:37,0,0,0,0,0,
15:04:14,,,,,54,53,53,,,,,6,,,,15:02:37,0,0,0,0,0,
15:04:15,,,,,54,53,53,,,,,6,,,,15:02:37,0,0,0,0,0,
15:04:16,,,,,54,53,53,,,,,6,,,,15:02:37,0,0,0,0,0,
15:04:17,,,,,54,53,53,,,,,6,,,,15:02:37,0,0,0,0,0,
15:04:18,,,,,54,53,53,,,,,6,,,,15:02:37,0,0,0,0,0,
15:04:19,,,,,54,53,53,,,,,6,,,,15:02:37,0,0,0,0,0,
15:04:20,,,,,54,53,53,,,,,6,,,,15:02:37,0,0,0,0,0,
15:04:21,,,,,54,53,53,,,,,6,,,,15:02:37,0,0,0,0,0,
15:04:22,,,,,54,53,53,,,,,6,,,,15:02:37,0,0,0,0,0,
15:04:23,,,,,54,53,53,,,,,6,,,,15:02:37,0,0,0,0,0,
15:04:24,,,,,54,53,53,,,,,6,,,,15:02:37,0,0,0,0,0,
15:04:25,,,,,54,53,53,,,,,6,,,,15:02:37,0,0,0,0,0,
15:04:26,,,,,54,53,53,,,,,6,,,,15:02:37,0,0,0,0,0,
15:04:27,,,,,54,53,53,,,,,6,,,,15:02:37,0,0,0,0,0,
15:04:28,,,,,54,53,53,,,,,6,,,,15:02:37,0,0,0,0,0,
15:04:29,,,,,54,53,53,,,,,6,,,,15:02:37,0,0,0,0,0,
15:04:30,,,,,54,53,53,,,,,6,,,,15:02:37,0,0,0,0,0,
15:04:31,,,,,54,53,53,,,,,6,,,,15:02:37,0,0,0,0,0,
15:04:32,,,,,54,53,53,,,,,6,,,,15:02:37,0,0,0,0,0,
15:04:33,,,,,54,53,53,,,,,6,,,,15:02:37,0,0,0,0,0,
15:04:34,,,,,54,53,53,,,,,6,,,,15:02:37,0,0,0,0,0,
15:04:35,,,,,54,53,53,,,,,6,,,,15:02:37,0,0,0,0,0,
15:04:36,,,,,54,53,53,,,,,6,,,,15:02:37,0,0,0,0,0,
15:04:37,,,,,54,53,53,,,,,6,,,,15:02:37,0,0,0,0,0,
15:04:38,,,,,54,53,53,,,,,6,,,,15:02:37,0,0,0,0,0,
15:04:39,,,,,54,53,53,,,,,6,,,,15:02:37,0,0,0,0,0,
15:04:40,,,,,54,53,53,,,,,6,,,,15:02:37,0,0,0,0,0,
15:04:41,,,,,54,53,53,,,,,6,,,,15:02:37,0,0,0,0,0,
15:04:42,,,,,54,53,53,,,,,6,,,,15:02:37,0,0,0,0,0,
15:04:43,,,,,54,53,53,,,,,6,,,,15:02:37,0,0,0,0,0,
15:04:44,,,,,54,53,53,,,,,6,,,,15:02:37,0,0,0,0,0,
15:04:45,,,,,54,53,53,,,,,6,,,,15:02:37,0,0,0,0,0,
15:04:46,,,,,54,53,53,,,,,6,,,,15:02:37,0,0,0,0,0,
15:04:47,,,,,54,53,53,,,,,6,,,,15:02:37,0,0,0,0,0,
15:04:48,,,,,54,53,53,,,,,6,,,,15:02:37,0,0,0,0,0,
15:04:49,,,,,54,53,53,,,,,6,,,,15:02:37,0,0,0,0,0,
15:04:50,,,,,54,53,53,,,,,6,,,,15:02:37,0,0,0,0,0,
15:04:51,,,,,54,53,53,,,,,6,,,,15:02:37,0,0,0,0,0,
15:04:52,,,,,54,53,53,,,,,6,,,,15:02:37,0,0,0,0,0,
15:04:53,,,,,54,53,53,,,,,6,,,,15:02:37,0,0,0,0,0,
15:04:54,,,,,54,53,53,,,,,6,,,,15:02:37,0,0,0,0,0,
15:04:55,,,,,54,53,53,,,,,6,,,,15:02:37,0,0,0,0,0,
15:04:56,,,,,54,53,53,,,,,6,,,,15:02:37,0,0,0,0,0,
15:04:57,,,,,54,53,53,,,,,6,,,,15:02:37,0,0,0,0,0,
15:04:58,,,,,54,53,53,,,,,6,,,,15:02:37,0,0,0,0,0,
15:04:59,,,,,54,53,53,,,,,6,,,,15:02:37,0,0,0,0,0,
15:05:00,761,337,747,332,54,53,53,40,8,22,21.75,6,10,29,1,15:02:37,0,0,0,0,0,
15:05:01,,,,,54,53,53,,,,,6,,,,15:02:37,0,0,0,0,0,
15:05:02,,,,,54,53,53,,,,,6,,,,15:02:37,0,0,0,0,0,
15:05:03,,,,,54,53,53,,,,,6,,,,15:02:37,0,0,0,0,0,
15:05:04,,,,,54,53,53,,,,,6,,,,15:02:37,0,0,0,0,0,
15:05:05,,,,,54,53,53,,,,,6,,,,15:02:37,0,0,0,0,0,
15:05:06,,,,,54,53,53,,,,,6,,,,15:02:37,0,0,0,0,0,
15:05:07,,,,,54,53,53,,,,,6,,,,15:02:37,0,0,0,0,0,
15:05:08,,,,,54,53,53,,,,,6,,,,15:02:37,0,0,0,0,0,
15:05:09,,,,,54,53,53,,,,,6,,,,15:02:37,0,0,0,0,0,
15:05:10,,,,,54,53,53,,,,,6,,,,15:02:37,0,0,0,0,0,
15:05:11,,,,,54,53,53,,,,,6,,,,15:02:37,0,0,0,0,0,
15:05:12,,,,,54,53,53,,,,,6,,,,15:02:37,0,0,0,0,0,
15:05:13,,,,,54,53,53,,,,,6,,,,15:02:37,0,0,0,0,0,
15:05:14,,,,,54,53,53,,,,,6,,,,15:02:37,0,0,0,0,0,
15:05:15,,,,,54,53,53,,,,,6,,,,15:02:37,0,0,0,0,0,
15:05:16,,,,,54,53,53,,,,,6,,,,15:02:37,0,0,0,0,0,
15:05:17,,,,,54,53,53,,,,,6,,,,15:02:37,0,0,0,0,0,
15:05:18,,,,,54,53,53,,,,,6,,,,15:02:37,0,0,0,0,0,
15:05:19,,,,,54,53,53,,,,,6,,,,15:02:37,0,0,0,0,0,
15:05:20,,,,,54,53,53,,,,,6,,,,15:02:37,0,0,0,0,0,
15:05:21,,,,,54,53,53,,,,,6,,,,15:02:37,0,0,0,0,0,
15:05:22,,,,,54,53,53,,,,,6,,,,15:02:37,0,0,0,0,0,
15:05:23,,,,,54,53,53,,,,,6,,,,15:02:37,0,0,0,0,0,
15:05:24,,,,,54,53,53,,,,,6,,,,15:02:37,0,0,0,0,0,
15:05:25,,,,,54,53,53,,,,,6,,,,15:02:37,0,0,0,0,0,
15:05:26,,,,,54,53,53,,,,,6,,,,15:02:37,0,0,0,0,0,
15:05:27,,,,,54,53,53,,,,,6,,,,15:02:37,0,0,0,0,0,
15:05:28,,,,,54,53,53,,,,,6,,,,15:02:37,0,0,0,0,0,
15:05:29,,,,,54,53,53,,,,,6,,,,15:02:37,0,0,0,0,0,
15:05:30,,,,,54,53,53,,,,,6,,,,15:02:37,0,0,0,0,0,
15:05:31,,,,,54,53,53,,,,,6,,,,15:02:37,0,0,0,0,0,
15:05:32,,,,,54,53,53,,,,,6,,,,15:02:37,0,0,0,0,0,
15:05:33,,,,,54,53,53,,,,,6,,,,15:02:37,0,0,0,0,0,
15:05:34,,,,,54,53,53,,,,,6,,,,15:02:37,0,0,0,0,0,
15:05:35,,,,,54,53,53,,,,,6,,,,15:02:37,0,0,0,0,0,
15:05:36,,,,,54,53,53,,,,,6,,,,15:02:37,0,0,0,0,0,
15:05:37,,,,,54,53,53,,,,,6,,,,15:02:37,0,0,0,0,0,
15:05:38,,,,,54,53,53,,,,,6,,,,15:02:37,0,0,0,0,0,
15:05:39,,,,,54,53,53,,,,,6,,,,15:02:37,0,0,0,0,0,
15:05:40,,,,,54,53,53,,,,,6,,,,15:02:37,0,0,0,0,0,
15:05:41,,,,,54,53,53,,,,,6,,,,15:02:37,0,0,0,0,0,
15:05:42,,,,,54,53,53,,,,,6,,,,15:02:37,0,0,0,0,0,
15:05:43,,,,,54,53,53,,,,,6,,,,15:02:37,0,0,0,0,0,
15:05:44,,,,,54,53,53,,,,,6,,,,15:02:37,0,0,0,0,0,
15:05:45,,,,,54,53,53,,,,,6,,,,15:02:37,0,0,0,0,0,
15:05:46,,,,,54,53,53,,,,,6,,,,15:02:37,0,0,0,0,0,
15:05:47,,,,,54,53,53,,,,,6,,,,15:02:37,0,0,0,0,0,
15:05:48,,,,,54,53,53,,,,,6,,,,15:02:37,0,0,0,0,0,
15:05:49,,,,,54,53,53,,,,,6,,,,15:02:37,0,0,0,0,0,
15:05:50,,,,,54,53,53,,,,,6,,,,15:02:37,0,0,0,0,0,
15:05:51,,,,,54,53,53,,,,,6,,,,15:02:37,0,0,0,0,0,
15:05:52,,,,,54,53,53,,,,,6,,,,15:02:37,0,0,0,0,0,
15:05:53,,,,,54,53,53,,,,,6,,,,15:02:37,0,0,0,0,0,
15:05:54,,,,,54,53,53,,,,,6,,,,15:02:37,0,0,0,0,0,
15:05:55,,,,,54,53,53,,,,,6,,,,15:02:37,0,0,0,0,0,
15:05:56,,,,,54,53,53,,,,,6,,,,15:02:37,0,0,0,0,0,
15:05:57,,,,,54,53,53,,,,,6,,,,15:02:37,0,0,0,0,0,
15:05:58,,,,,54,53,53,,,,,6,,,,15:02:37,0,0,0,0,0,
15:05:59,,,,,54,53,53,,,,,6,,,,15:02:37,0,0,0,0,0,
15:06:00,761,337,747,332,54,53,53,40,8,22,22.50,6,10,29,1,15:02:37,0,0,0,0,0,
15:06:01,,,,,54,53,53,,,,,6,,,,15:02:37,0,0,0,0,0,
15:06:02,,,,,54,53,53,,,,,6,,,,15:02:37,0,0,0,0,0,
15:06:03,,,,,54,53,53,,,,,6,,,,15:02:37,0,0,0,0,0,
15:06:04,,,,,54,53,53,,,,,6,,,,15:02:37,0,0,0,0,0,
15:06:05,,,,,54,53,53,,,,,6,,,,15:02:37,0,0,0,0,0,
15:06:06,,,,,54,53,53,,,,,6,,,,15:02:37,0,0,0,0,0,
15:06:07,,,,,54,53,53,,,,,6,,,,15:02:37,0,0,0,0,0,
15:06:08,,,,,54,53,53,,,,,6,,,,15:02:37,0,0,0,0,0,
15:06:09,,,,,54,53,53,,,,,6,,,,15:02:37,0,0,0,0,0,
15:06:10,,,,,54,53,53,,,,,6,,,,15:02:37,0,0,0,0,0,
15:06:11,,,,,54,53,53,,,,,6,,,,15:02:37,0,0,0,0,0,
15:06:12,,,,,54,53,53,,,,,6,,,,15:02:37,0,0,0,0,0,
15:06:13,,,,,54,53,53,,,,,6,,,,15:02:37,0,0,0,0,0,
15:06:14,,,,,54,53,53,,,,,6,,,,15:02:37,0,0,0,0,0,
15:06:15,,,,,54,53,53,,,,,6,,,,15:02:37,0,0,0,0,0,
15:06:16,,,,,54,53,53,,,,,6,,,,15:02:37,0,0,0,0,0,
15:06:17,,,,,54,53,53,,,,,6,,,,15:02:37,0,0,0,0,0,
15:06:18,,,,,54,53,53,,,,,6,,,,15:02:37,0,0,0,0,0,
15:06:19,,,,,54,53,53,,,,,6,,,,15:02:37,0,0,0,0,0,
15:06:20,,,,,54,53,53,,,,,6,,,,15:02:37,0,0,0,0,0,
15:06:21,,,,,54,53,53,,,,,6,,,,15:02:37,0,0,0,0,0,
15:06:22,,,,,54,53,53,,,,,6,,,,15:02:37,0,0,0,0,0,
15:06:23,,,,,54,53,53,,,,,6,,,,15:02:37,0,0,0,0,0,
15:06:24,,,,,54,53,53,,,,,6,,,,15:02:37,0,0,0,0,0,
15:06:25,,,,,54,53,53,,,,,6,,,,15:02:37,0,0,0,0,0,
15:06:26,,,,,54,53,53,,,,,6,,,,15:02:37,0,0,0,0,0,
15:06:27,,,,,54,53,53,,,,,6,,,,15:02:37,0,0,0,0,0,
15:06:28,,,,,54,53,53,,,,,6,,,,15:02:37,0,0,0,0,0,
15:06:29,,,,,54,53,53,,,,,6,,,,15:02:37,0,0,0,0,0,
15:06:30,,,,,54,53,53,,,,,6,,,,15:02:37,0,0,0,0,0,
15:06:31,,,,,54,53,53,,,,,6,,,,15:02:37,0,0,0,0,0,
15:06:32,,,,,54,53,53,,,,,6,,,,15:02:37,0,0,0,0,0,
15:06:33,,,,,54,53,53,,,,,6,,,,15:02:37,0,0,0,0,0,
15:06:34,,,,,54,53,53,,,,,6,,,,15:02:37,0,0,0,0,0,
15:06:35,,,,,54,53,53,,,,,6,,,,15:02:37,0,0,0,0,0,
15:06:36,,,,,54,53,53,,,,,6,,,,15:02:37,0,0,0,0,0,
15:06:37,,,,,54,53,53,,,,,6,,,,15:02:37,0,0,0,0,0,
15:06:38,,,,,22,21,53,,,,,6,,,,15:02:37,0,0,0,0,0,
15:06:39,,,,,6,4,21,,,,,7,,,,15:06:38,1,28,60,1,0,
15:06:40,,,,,5,4,5,,,,,7,,,,15:06:38,1,27,60,1,0,
15:06:41,,,,,5,3,4,,,,,7,,,,15:06:38,1,26,60,1,0,
15:06:42,,,,,7,5,4,,,,,7,,,,15:06:38,1,25,60,1,0,
15:06:43,,,,,6,5,6,,,,,7,,,,15:06:38,1,24,60,1,0,
15:06:44,,,,,8,7,5,,,,,7,,,,15:06:38,1,23,60,1,0,
15:06:45,,,,,31,29,7,,,,,7,,,,15:06:38,1,22,60,1,0,
15:06:46,,,,,43,42,30,,,,,7,,,,15:06:38,1,21,60,1,0,
15:06:47,,,,,43,42,42,,,,,7,,,,15:06:38,1,20,60,1,0,
15:06:48,,,,,43,42,42,,,,,7,,,,15:06:38,1,19,60,1,0,
15:06:49,,,,,43,42,42,,,,,7,,,,15:06:38,1,18,60,1,0,
15:06:50,,,,,43,42,42,,,,,7,,,,15:06:38,1,17,60,1,0,
15:06:51,,,,,43,42,42,,,,,7,,,,15:06:38,1,16,60,1,0,
15:06:52,,,,,43,42,42,,,,,7,,,,15:06:38,1,15,60,1,0,
15:06:53,,,,,43,42,42,,,,,7,,,,15:06:38,1,14,60,1,0,
15:06:54,,,,,43,42,42,,,,,7,,,,15:06:38,1,13,60,1,0,
15:06:55,,,,,43,42,42,,,,,7,,,,15:06:38,1,12,60,1,0,
15:06:56,,,,,43,42,42,,,,,7,,,,15:06:38,1,11,60,1,0,
15:06:57,,,,,43,42,42,,,,,7,,,,15:06:38,1,10,60,1,0,
15:06:58,,,,,43,42,42,,,,,7,,,,15:06:38,1,9,60,1,0,
15:06:59,,,,,43,42,42,,,,,7,,,,15:06:38,1,8,60,1,0,
15:07:00,761,337,747,332,43,42,42,40,8,22,22.00,7,10,29,1,15:06:38,1,7,60,1,0,
15:07:01,,,,,43,42,42,,,,,7,,,,15:06:38,1,6,60,1,0,
15:07:02,,,,,43,42,42,,,,,7,,,,15:06:38,1,5,60,1,0,
15:07:03,,,,,43,42,42,,,,,7,,,,15:06:38,1,4,60,1,0,
15:07:04,,,,,43,42,42,,,,,7,,,,15:06:38,1,3,60,1,0,
15:07:05,,,,,43,42,42,,,,,7,,,,15:06:38,1,2,60,1,0,
15:07:06,,,,,43,42,42,,,,,7,,,,15:06:38,1,1,60,1,0,
15:07:07,,,,,43,42,42,,,,,7,,,,15:06:38,1,0,60,1,0,
15:07:08,,,,,43,42,42,,,,,7,,,,15:06:38,0,0,59,0,0,
15:07:09,,,,,43,42,42,,,,,7,,,,15:06:38,0,0,58,0,0,
15:07:10,,,,,43,42,42,,,,,7,,,,15:06:38,0,0,57,0,0,
15:07:11,,,,,43,42,42,,,,,7,,,,15:06:38,0,0,56,0,0,
15:07:12,,,,,43,42,42,,,,,7,,,,15:06:38,0,0,55,0,0,
15:07:13,,,,,43,42,42,,,,,7,,,,15:06:38,0,0,54,0,0,
15:07:14,,,,,43,42,42,,,,,7,,,,15:06:38,0,0,53,0,0,
15:07:15,,,,,43,42,42,,,,,7,,,,15:06:38,0,0,52,0,0,
15:07:16,,,,,43,42,42,,,,,7,,,,15:06:38,0,0,51,0,0,
15:07:17,,,,,43,42,42,,,,,7,,,,15:06:38,0,0,50,0,0,
15:07:18,,,,,43,42,42,,,,,7,,,,15:06:38,0,0,49,0,0,
15:07:19,,,,,43,42,42,,,,,7,,,,15:06:38,0,0,48,0,0,
15:07:20,,,,,43,42,42,,,,,7,,,,15:06:38,0,0,47,0,0,
15:07:21,,,,,43,42,42,,,,,7,,,,15:06:38,0,0,46,0,0,
15:07:22,,,,,43,42,42,,,,,7,,,,15:06:38,0,0,45,0,0,
15:07:23,,,,,43,42,42,,,,,7,,,,15:06:38,0,0,44,0,0,
15:07:24,,,,,43,42,42,,,,,7,,,,15:06:38,0,0,43,0,0,
15:07:25,,,,,43,42,42,,,,,7,,,,15:06:38,0,0,42,0,0,
15:07:26,,,,,43,42,42,,,,,7,,,,15:06:38,0,0,41,0,0,
15:07:27,,,,,43,42,42,,,,,7,,,,15:06:38,0,0,40,0,0,
15:07:28,,,,,43,42,42,,,,,7,,,,15:06:38,0,0,39,0,0,
15:07:29,,,,,43,42,42,,,,,7,,,,15:06:38,0,0,38,0,0,
15:07:30,,,,,43,42,42,,,,,7,,,,15:06:38,0,0,37,0,0,
15:07:31,,,,,43,42,42,,,,,7,,,,15:06:38,0,0,36,0,0,
15:07:32,,,,,43,42,42,,,,,7,,,,15:06:38,0,0,35,0,0,
15:07:33,,,,,43,42,42,,,,,7,,,,15:06:38,0,0,34,0,0,
15:07:34,,,,,43,42,42,,,,,7,,,,15:06:38,0,0,33,0,0,
15:07:35,,,,,43,42,42,,,,,7,,,,15:06:38,0,0,32,0,0,
15:07:36,,,,,43,42,42,,,,,7,,,,15:06:38,0,0,31,0,0,
15:07:37,,,,,43,42,42,,,,,7,,,,15:06:38,0,0,30,0,0,
15:07:38,,,,,43,42,42,,,,,7,,,,15:06:38,0,0,29,0,0,
15:07:39,,,,,43,42,42,,,,,7,,,,15:06:38,0,0,28,0,0,
15:07:40,,,,,43,42,42,,,,,7,,,,15:06:38,0,0,27,0,0,
15:07:41,,,,,43,42,42,,,,,7,,,,15:06:38,0,0,26,0,0,
15:07:42,,,,,43,42,42,,,,,7,,,,15:06:38,0,0,25,0,0,
15:07:43,,,,,43,42,42,,,,,7,,,,15:06:38,0,0,24,0,0,
15:07:44,,,,,43,42,42,,,,,7,,,,15:06:38,0,0,23,0,0,
15:07:45,,,,,43,42,42,,,,,7,,,,15:06:38,0,0,22,0,0,
15:07:46,,,,,43,42,42,,,,,7,,,,15:06:38,0,0,21,0,0,
15:07:47,,,,,43,42,42,,,,,7,,,,15:06:38,0,0,20,0,0,
15:07:48,,,,,43,42,42,,,,,7,,,,15:06:38,0,0,19,0,0,
15:07:49,,,,,43,42,42,,,,,7,,,,15:06:38,0,0,18,0,0,
15:07:50,,,,,43,42,42,,,,,7,,,,15:06:38,0,0,17,0,0,
15:07:51,,,,,43,42,42,,,,,7,,,,15:06:38,0,0,16,0,0,
15:07:52,,,,,42,40,42,,,,,7,,,,15:06:38,0,0,15,0,0,
15:07:53,,,,,43,42,41,,,,,7,,,,15:06:38,0,0,14,0,0,
15:07:54,,,,,43,42,42,,,,,7,,,,15:06:38,0,0,13,0,0,
15:07:55,,,,,43,42,42,,,,,7,,,,15:06:38,0,0,12,0,0,
15:07:56,,,,,43,42,42,,,,,7,,,,15:06:38,0,0,11,0,0,
15:07:57,,,,,43,42,42,,,,,7,,,,15:06:38,0,0,10,0,0,
15:07:58,,,,,43,42,42,,,,,7,,,,15:06:38,0,0,9,0,0,
15:07:59,,,,,43,42,42,,,,,7,,,,15:06:38,0,0,8,0,0,
15:08:00,761,337,747,332,43,42,42,40,8,22,25.00,7,10,29,1,15:06:38,0,0,8,0,0,
15:08:01,,,,,43,42,42,,,,,7,,,,15:06:38,0,0,6,0,0,
15:08:02,,,,,43,42,42,,,,,7,,,,15:06:38,0,0,6,0,0,
15:08:03,,,,,43,42,42,,,,,7,,,,15:06:38,0,0,4,0,0,
15:08:04,,,,,43,42,42,,,,,7,,,,15:06:38,0,0,4,0,0,
15:08:05,,,,,44,43,42,,,,,7,,,,15:06:38,0,0,3,0,0,
15:08:06,,,,,43,42,43,,,,,7,,,,15:06:38,0,0,2,0,0,
15:08:07,,,,,44,43,42,,,,,7,,,,15:06:38,0,0,1,0,0,
15:08:08,,,,,43,42,43,,,,,7,,,,15:06:38,0,0,0,0,0,
15:08:09,,,,,44,42,42,,,,,7,,,,15:06:38,0,0,0,0,0,
15:08:10,,,,,43,42,43,,,,,7,,,,15:06:38,0,0,0,0,0,
15:08:11,,,,,44,43,42,,,,,7,,,,15:06:38,0,0,0,0,0,
15:08:12,,,,,43,42,43,,,,,7,,,,15:06:38,0,0,0,0,0,
15:08:13,,,,,44,43,42,,,,,7,,,,15:06:38,0,0,0,0,0,
15:08:14,,,,,44,43,43,,,,,7,,,,15:06:38,0,0,0,0,0,
15:08:15,,,,,43,42,43,,,,,7,,,,15:06:38,0,0,0,0,0,
15:08:16,,,,,44,43,42,,,,,7,,,,15:06:38,0,0,0,0,0,
15:08:17,,,,,43,42,43,,,,,7,,,,15:06:38,0,0,0,0,0,
15:08:18,,,,,44,43,42,,,,,7,,,,15:06:38,0,0,0,0,0,
15:08:19,,,,,44,43,43,,,,,7,,,,15:06:38,0,0,0,0,0,
15:08:20,,,,,44,43,43,,,,,7,,,,15:06:38,0,0,0,0,0,
15:08:21,,,,,44,43,43,,,,,7,,,,15:06:38,0,0,0,0,0,
15:08:22,,,,,43,42,43,,,,,7,,,,15:06:38,0,0,0,0,0,
15:08:23,,,,,44,43,42,,,,,7,,,,15:06:38,0,0,0,0,0,
15:08:24,,,,,43,42,43,,,,,7,,,,15:06:38,0,0,0,0,0,
15:08:25,,,,,44,43,42,,,,,7,,,,15:06:38,0,0,0,0,0,
15:08:26,,,,,44,42,43,,,,,7,,,,15:06:38,0,0,0,0,0,
15:08:27,,,,,44,43,43,,,,,7,,,,15:06:38,0,0,0,0,0,
15:08:28,,,,,44,43,43,,,,,7,,,,15:06:38,0,0,0,0,0,
15:08:29,,,,,43,42,43,,,,,7,,,,15:06:38,0,0,0,0,0,
15:08:30,,,,,44,43,42,,,,,7,,,,15:06:38,0,0,0,0,0,
15:08:31,,,,,43,42,43,,,,,7,,,,15:06:38,0,0,0,0,0,
15:08:32,,,,,44,43,42,,,,,7,,,,15:06:38,0,0,0,0,0,
15:08:33,,,,,44,42,43,,,,,7,,,,15:06:38,0,0,0,0,0,
15:08:34,,,,,43,42,43,,,,,7,,,,15:06:38,0,0,0,0,0,
15:08:35,,,,,44,43,42,,,,,7,,,,15:06:38,0,0,0,0,0,
15:08:36,,,,,43,42,43,,,,,7,,,,15:06:38,0,0,0,0,0,
15:08:37,,,,,43,42,42,,,,,7,,,,15:06:38,0,0,0,0,0,
15:08:38,,,,,43,42,42,,,,,7,,,,15:06:38,0,0,0,0,0,
15:08:39,,,,,43,42,42,,,,,7,,,,15:06:38,0,0,0,0,0,
15:08:40,,,,,43,42,42,,,,,7,,,,15:06:38,0,0,0,0,0,
15:08:41,,,,,44,43,42,,,,,7,,,,15:06:38,0,0,0,0,0,
15:08:42,,,,,43,42,43,,,,,7,,,,15:06:38,0,0,0,0,0,
15:08:43,,,,,43,42,42,,,,,7,,,,15:06:38,0,0,0,0,0,
15:08:44,,,,,44,43,42,,,,,7,,,,15:06:38,0,0,0,0,0,
15:08:45,,,,,43,42,43,,,,,7,,,,15:06:38,0,0,0,0,0,
15:08:46,,,,,43,42,42,,,,,7,,,,15:06:38,0,0,0,0,0,
15:08:47,,,,,43,42,42,,,,,7,,,,15:06:38,0,0,0,0,0,
15:08:48,,,,,44,43,42,,,,,7,,,,15:06:38,0,0,0,0,0,
15:08:49,,,,,44,43,43,,,,,7,,,,15:06:38,0,0,0,0,0,
15:08:50,,,,,43,42,43,,,,,7,,,,15:06:38,0,0,0,0,0,
15:08:51,,,,,43,42,42,,,,,7,,,,15:06:38,0,0,0,0,0,
15:08:52,,,,,43,42,42,,,,,7,,,,15:06:38,0,0,0,0,0,
15:08:53,,,,,44,43,42,,,,,7,,,,15:06:38,0,0,0,0,0,
15:08:54,,,,,43,42,43,,,,,7,,,,15:06:38,0,0,0,0,0,
15:08:55,,,,,44,43,42,,,,,7,,,,15:06:38,0,0,0,0,0,
15:08:56,,,,,44,43,43,,,,,7,,,,15:06:38,0,0,0,0,0,
15:08:57,,,,,44,42,43,,,,,7,,,,15:06:38,0,0,0,0,0,
15:08:58,,,,,43,42,43,,,,,7,,,,15:06:38,0,0,0,0,0,
15:08:59,,,,,44,43,42,,,,,7,,,,15:06:38,0,0,0,0,0,
15:09:00,761,337,747,332,44,43,43,40,8,22,23.50,7,10,29,1,15:06:38,0,0,0,0,0,
15:09:01,,,,,8,6,43,,,,,7,,,,15:06:38,0,0,0,0,0,
15:09:02,,,,,6,4,7,,,,,8,,,,15:09:01,1,28,60,1,0,
15:09:03,,,,,12,11,5,,,,,8,,,,15:09:01,1,27,60,1,0,
15:09:04,,,,,15,14,11,,,,,8,,,,15:09:01,1,26,60,1,0,
15:09:05,,,,,12,10,14,,,,,8,,,,15:09:01,1,25,60,1,0,
15:09:06,,,,,51,50,11,,,,,8,,,,15:09:01,1,24,60,1,0,
15:09:07,,,,,50,49,50,,,,,8,,,,15:09:01,1,23,60,1,0,
15:09:08,,,,,50,49,49,,,,,8,,,,15:09:01,1,22,60,1,0,
15:09:09,,,,,50,49,49,,,,,8,,,,15:09:01,1,21,60,1,0,
15:09:10,,,,,50,49,49,,,,,8,,,,15:09:01,1,20,60,1,0,
15:09:11,,,,,50,49,49,,,,,8,,,,15:09:01,1,19,60,1,0,
15:09:12,,,,,50,49,49,,,,,8,,,,15:09:01,1,18,60,1,0,
15:09:13,,,,,50,49,49,,,,,8,,,,15:09:01,1,17,60,1,0,
15:09:14,,,,,50,49,49,,,,,8,,,,15:09:01,1,16,60,1,0,
15:09:15,,,,,50,49,49,,,,,8,,,,15:09:01,1,15,60,1,0,
15:09:16,,,,,50,49,49,,,,,8,,,,15:09:01,1,14,60,1,0,
15:09:17,,,,,49,48,49,,,,,8,,,,15:09:01,1,13,60,1,0,
15:09:18,,,,,50,49,48,,,,,8,,,,15:09:01,1,12,60,1,0,
15:09:19,,,,,49,48,49,,,,,8,,,,15:09:01,1,11,60,1,0,
15:09:20,,,,,49,48,48,,,,,8,,,,15:09:01,1,10,60,1,0,
15:09:21,,,,,49,48,48,,,,,8,,,,15:09:01,1,9,60,1,0,
15:09:22,,,,,49,48,48,,,,,8,,,,15:09:01,1,8,60,1,0,
15:09:23,,,,,50,49,48,,,,,8,,,,15:09:01,1,7,60,1,0,
15:09:24,,,,,49,48,49,,,,,8,,,,15:09:01,1,6,60,1,0,
15:09:25,,,,,49,48,48,,,,,8,,,,15:09:01,1,5,60,1,0,
15:09:26,,,,,50,49,48,,,,,8,,,,15:09:01,1,4,60,1,0,
15:09:27,,,,,49,48,49,,,,,8,,,,15:09:01,1,3,60,1,0,
15:09:28,,,,,49,48,48,,,,,8,,,,15:09:01,1,2,60,1,0,
15:09:29,,,,,49,48,48,,,,,8,,,,15:09:01,1,1,60,1,0,
15:09:30,,,,,49,48,48,,,,,8,,,,15:09:01,1,0,60,1,0,
15:09:31,,,,,49,48,48,,,,,8,,,,15:09:01,0,0,59,0,0,
15:09:32,,,,,50,49,48,,,,,8,,,,15:09:01,0,0,58,0,0,
15:09:33,,,,,49,48,49,,,,,8,,,,15:09:01,0,0,57,0,0,
15:09:34,,,,,49,48,48,,,,,8,,,,15:09:01,0,0,56,0,0,
15:09:35,,,,,49,48,48,,,,,8,,,,15:09:01,0,0,55,0,0,
15:09:36,,,,,49,48,48,,,,,8,,,,15:09:01,0,0,54,0,0,
15:09:37,,,,,50,49,48,,,,,8,,,,15:09:01,0,0,53,0,0,
15:09:38,,,,,49,48,49,,,,,8,,,,15:09:01,0,0,52,0,0,
15:09:39,,,,,49,48,48,,,,,8,,,,15:09:01,0,0,51,0,0,
15:09:40,,,,,49,48,48,,,,,8,,,,15:09:01,0,0,50,0,0,
15:09:41,,,,,49,48,48,,,,,8,,,,15:09:01,0,0,49,0,0,
15:09:42,,,,,49,48,48,,,,,8,,,,15:09:01,0,0,48,0,0,
15:09:43,,,,,49,48,48,,,,,8,,,,15:09:01,0,0,47,0,0,
15:09:44,,,,,50,49,48,,,,,8,,,,15:09:01,0,0,46,0,0,
15:09:45,,,,,49,48,49,,,,,8,,,,15:09:01,0,0,45,0,0,
15:09:46,,,,,49,48,48,,,,,8,,,,15:09:01,0,0,44,0,0,
15:09:47,,,,,50,49,48,,,,,8,,,,15:09:01,0,0,43,0,0,
15:09:48,,,,,49,48,49,,,,,8,,,,15:09:01,0,0,42,0,0,
15:09:49,,,,,49,48,48,,,,,8,,,,15:09:01,0,0,41,0,0,
15:09:50,,,,,49,48,48,,,,,8,,,,15:09:01,0,0,40,0,0,
15:09:51,,,,,49,48,48,,,,,8,,,,15:09:01,0,0,39,0,0,
15:09:52,,,,,49,48,48,,,,,8,,,,15:09:01,0,0,38,0,0,
15:09:53,,,,,49,48,48,,,,,8,,,,15:09:01,0,0,37,0,0,
15:09:54,,,,,49,48,48,,,,,8,,,,15:09:01,0,0,36,0,0,
15:09:55,,,,,49,48,48,,,,,8,,,,15:09:01,0,0,35,0,0,
15:09:56,,,,,49,48,48,,,,,8,,,,15:09:01,0,0,34,0,0,
15:09:57,,,,,49,48,48,,,,,8,,,,15:09:01,0,0,33,0,0,
15:09:58,,,,,49,48,48,,,,,8,,,,15:09:01,0,0,32,0,0,
15:09:59,,,,,49,48,48,,,,,8,,,,15:09:01,0,0,31,0,0,
15:10:00,761,337,747,332,49,48,48,40,8,22,24.00,8,10,29,1,15:09:01,0,0,30,0,0,
15:10:01,,,,,49,48,48,,,,,8,,,,15:09:01,0,0,29,0,0,
15:10:02,,,,,49,48,48,,,,,8,,,,15:09:01,0,0,28,0,0,
15:10:03,,,,,49,48,48,,,,,8,,,,15:09:01,0,0,27,0,0,
15:10:04,,,,,49,48,48,,,,,8,,,,15:09:01,0,0,26,0,0,
15:10:05,,,,,49,48,48,,,,,8,,,,15:09:01,0,0,25,0,0,
15:10:06,,,,,49,48,48,,,,,8,,,,15:09:01,0,0,24,0,0,
15:10:07,,,,,49,48,48,,,,,8,,,,15:09:01,0,0,23,0,0,
15:10:08,,,,,49,48,48,,,,,8,,,,15:09:01,0,0,22,0,0,
15:10:09,,,,,49,48,48,,,,,8,,,,15:09:01,0,0,21,0,0,
15:10:10,,,,,49,48,48,,,,,8,,,,15:09:01,0,0,20,0,0,
15:10:11,,,,,49,48,48,,,,,8,,,,15:09:01,0,0,19,0,0,
15:10:12,,,,,49,48,48,,,,,8,,,,15:09:01,0,0,18,0,0,
15:10:13,,,,,49,48,48,,,,,8,,,,15:09:01,0,0,17,0,0,
15:10:14,,,,,49,48,48,,,,,8,,,,15:09:01,0,0,16,0,0,
15:10:15,,,,,49,48,48,,,,,8,,,,15:09:01,0,0,15,0,0,
15:10:16,,,,,49,48,48,,,,,8,,,,15:09:01,0,0,14,0,0,
15:10:17,,,,,49,48,48,,,,,8,,,,15:09:01,0,0,13,0,0,
15:10:18,,,,,49,48,48,,,,,8,,,,15:09:01,0,0,12,0,0,
15:10:19,,,,,49,48,48,,,,,8,,,,15:09:01,0,0,11,0,0,
15:10:20,,,,,49,48,48,,,,,8,,,,15:09:01,0,0,11,0,0,
15:10:21,,,,,49,48,48,,,,,8,,,,15:09:01,0,0,9,0,0,
15:10:22,,,,,49,48,48,,,,,8,,,,15:09:01,0,0,9,0,0,
15:10:23,,,,,49,48,48,,,,,8,,,,15:09:01,0,0,7,0,0,
15:10:24,,,,,49,48,48,,,,,8,,,,15:09:01,0,0,7,0,0,
15:10:25,,,,,49,48,48,,,,,8,,,,15:09:01,0,0,6,0,0,
15:10:26,,,,,49,48,48,,,,,8,,,,15:09:01,0,0,5,0,0,
15:10:27,,,,,49,48,48,,,,,8,,,,15:09:01,0,0,4,0,0,
15:10:28,,,,,49,48,48,,,,,8,,,,15:09:01,0,0,3,0,0,
15:10:29,,,,,49,48,48,,,,,8,,,,15:09:01,0,0,2,0,0,
15:10:30,,,,,49,48,48,,,,,8,,,,15:09:01,0,0,1,0,0,
15:10:31,,,,,49,48,48,,,,,8,,,,15:09:01,0,0,0,0,0,
15:10:32,,,,,49,48,48,,,,,8,,,,15:09:01,0,0,0,0,0,
15:10:33,,,,,49,48,48,,,,,8,,,,15:09:01,0,0,0,0,0,
15:10:34,,,,,49,48,48,,,,,8,,,,15:09:01,0,0,0,0,0,
15:10:35,,,,,49,48,48,,,,,8,,,,15:09:01,0,0,0,0,0,
15:10:36,,,,,49,48,48,,,,,8,,,,15:09:01,0,0,0,0,0,
15:10:37,,,,,49,48,48,,,,,8,,,,15:09:01,0,0,0,0,0,
15:10:38,,,,,49,48,48,,,,,8,,,,15:09:01,0,0,0,0,0,
15:10:39,,,,,49,48,48,,,,,8,,,,15:09:01,0,0,0,0,0,
15:10:40,,,,,49,48,48,,,,,8,,,,15:09:01,0,0,0,0,0,
15:10:41,,,,,49,48,48,,,,,8,,,,15:09:01,0,0,0,0,0,
